,Type,Symbol,Description,Close,LastWaveStart,LastwaveEnd,LastWavePeriod,LastWaveValueGain,CurrentWaveStart,CurrentPeriod,CurrentValueGain,TRelative,GainRelative,Congruence,P,DeltaN,YieldEst,GainPerDayCurrent,GainPerDayEstimated,Boll-2MA,MA2Boll+,RSI
0,bdr,NVDC34.SA,NVIDIA CORP DRN,26.22,2021-05-13,2021-11-25,196 days 00:00:00.000000000,99.77,2022-01-27,18 days 00:00:00.000000000,2.57,9.18,2.58,-6.61,0.34,178,97.2,14.28,54.61,True,False,54.07
1,bdr,SSFO34.SA,SALESFORCE  DRN,49.03,2021-05-19,2021-11-04,169 days 00:00:00.000000000,43.46,2022-02-14,0 days 00:00:00.000000000,-1.74,0.0,-4.01,-4.01,-0.8,169,45.2,-inf,26.75,True,False,37.37
2,bdr,MSFT34.SA,MICROSOFT   DRN,63.98,2021-06-02,2021-12-29,210 days 00:00:00.000000000,45.08,2022-02-14,0 days 00:00:00.000000000,-0.94,0.0,-2.09,-2.09,-0.68,210,46.03,-inf,21.92,False,False,46.89
3,bdr,CMCS34.SA,COMCAST     DRN,49.24,2021-12-09,2022-01-17,39 days 00:00:00.000000000,7.5,2022-02-14,0 days 00:00:00.000000000,-1.99,0.0,-26.55,-26.55,-0.96,39,9.49,-inf,24.33,False,False,25.6
4,bdr,BERK34.SA,BERKSHIRE   DRN,81.79,2021-09-22,2022-01-10,110 days 00:00:00.000000000,22.87,2022-02-14,0 days 00:00:00.000000000,-2.33,0.0,-10.18,-10.18,-0.91,110,25.2,-inf,22.91,True,False,41.49
5,bdr,B1NT34.SA,BIONTECH SE DRN,101.61,2021-10-06,2021-11-29,54 days 00:00:00.000000000,45.0,2022-01-21,24 days 00:00:00.000000000,-2.42,44.44,-5.37,-49.81,-0.11,30,47.42,-10.06,158.05,True,False,45.62
6,bdr,TSLA34.SA,TESLA INC   DRN,142.28,2021-06-04,2021-11-04,153 days 00:00:00.000000000,84.43,2022-02-11,3 days 00:00:00.000000000,-3.32,1.96,-3.93,-5.89,-0.57,150,87.75,-110.5,58.5,True,False,41.44
7,bdr,PFIZ34.SA,PFIZER      DRN,64.57,2021-10-15,2021-12-20,66 days 00:00:00.000000000,46.21,2022-02-14,0 days 00:00:00.000000000,-2.89,0.0,-6.25,-6.25,-0.86,66,49.1,-inf,74.39,False,False,29.26
8,bdr,UNHH34.SA,UNITEDHEALTHDRN,70.55,2021-10-04,2021-12-29,86 days 00:00:00.000000000,32.49,2022-02-01,13 days 00:00:00.000000000,-1.17,15.12,-3.6,-18.72,-0.18,73,33.66,-8.99,46.11,True,False,47.5
9,bdr,CHCM34.SA,CHARTER COMMDRN,52.74,2021-12-09,2022-01-03,25 days 00:00:00.000000000,6.21,2022-01-26,19 days 00:00:00.000000000,3.2,76.0,51.49,-24.51,2.02,6,3.01,16.83,50.2,False,True,60.74
10,bdr,EXXO34.SA,EXXON MOBIL DRN ED,102.29,2020-11-06,2022-02-04,455 days 00:00:00.000000000,98.48,2021-09-01,166 days 00:00:00.000000000,41.5,36.48,42.14,5.66,9.04,289,56.98,25.0,19.72,False,True,51.67
11,bdr,U1BE34.SA,UBER TECH INDRN,45.31,2021-12-03,2022-01-04,32 days 00:00:00.000000000,18.47,2022-02-14,0 days 00:00:00.000000000,-1.88,0.0,-10.2,-10.2,-0.91,32,20.36,-inf,63.62,True,False,45.39
12,bdr,GOGL34.SA,ALPHABET    DRN A,93.93,2021-05-18,2021-12-23,219 days 00:00:00.000000000,34.72,2022-01-25,20 days 00:00:00.000000000,-1.36,9.13,-3.93,-13.06,-0.28,199,36.08,-6.82,18.13,True,False,52.92
13,bdr,FBOK34.SA,META PLAT   DRN,40.37,2021-01-14,2021-09-08,237 days 00:00:00.000000000,42.81,2022-02-14,0 days 00:00:00.000000000,-2.04,0.0,-4.76,-4.76,-0.83,237,44.85,-inf,18.92,True,False,17.26
14,bdr,N1DA34.SA,NASDAQ INC  DRN,448.65,2021-05-18,2021-10-29,164 days 00:00:00.000000000,34.34,2022-02-14,0 days 00:00:00.000000000,-0.87,0.0,-2.55,-2.55,-0.72,164,35.22,-inf,21.47,True,False,33.17
15,bdr,AAPL34.SA,APPLE       DRN ED,87.78,2021-11-12,2022-01-03,52 days 00:00:00.000000000,26.76,2022-01-27,18 days 00:00:00.000000000,2.01,34.62,7.52,-27.09,0.27,34,24.74,11.18,72.77,True,False,51.72
16,bdr,COCA34.SA,COCA COLA   DRN,52.62,2021-10-01,2022-01-05,96 days 00:00:00.000000000,20.9,2022-02-14,0 days 00:00:00.000000000,-0.44,0.0,-2.08,-2.08,-0.68,96,21.34,-inf,22.23,True,False,39.51
17,bdr,ULEV34.SA,UNILEVER    DRN,269.08,2021-09-17,2022-01-05,110 days 00:00:00.000000000,8.33,2022-02-01,13 days 00:00:00.000000000,-1.61,11.82,-19.35,-31.17,-0.6,97,9.94,-12.4,10.25,True,False,33.02
18,bdr,DISB34.SA,WALT DISNEY DRN,52.52,2021-11-30,2022-01-04,35 days 00:00:00.000000000,7.25,2022-02-08,6 days 00:00:00.000000000,4.76,17.14,65.67,48.53,1.38,29,2.49,79.37,8.58,False,True,64.12
19,bdr,BIDU34.SA,BAIDU INC   DRN,839.17,2021-08-19,2021-10-21,63 days 00:00:00.000000000,29.89,2021-12-03,73 days 00:00:00.000000000,2.48,115.87,8.31,-107.57,0.08,-10,27.41,3.4,-274.1,False,True,53.08
20,bdr,AMZO34.SA,AMAZON      DRN,102.99,2021-08-17,2021-11-19,94 days 00:00:00.000000000,18.3,2022-01-26,19 days 00:00:00.000000000,6.63,20.21,36.23,16.01,2.41,75,11.67,34.88,15.56,True,False,62.95
21,bdr,NFLX34.SA,NETFLIX     DRN,41.44,2021-06-10,2021-10-29,141 days 00:00:00.000000000,47.56,2022-02-11,3 days 00:00:00.000000000,-2.3,2.13,-4.83,-6.96,-0.61,138,49.85,-76.57,36.12,True,False,53.6
22,bdr,BKNG34.SA,BOOKING     DRN,75.59,2021-12-14,2022-01-04,21 days 00:00:00.000000000,14.29,2022-01-25,20 days 00:00:00.000000000,2.79,95.24,19.55,-75.69,0.25,1,11.5,13.97,1149.94,False,True,59.35
23,bdr,M1RN34.SA,MODERNA INC DRN,73.3,2021-11-19,2021-11-29,10 days 00:00:00.000000000,42.04,2022-02-14,0 days 00:00:00.000000000,-13.46,0.0,-32.01,-32.01,-0.97,10,55.5,-inf,555.02,False,False,39.09
24,bdr,MELI34.SA,MERCADOLIBREDRN,48.72,2021-12-03,2021-12-29,26 days 00:00:00.000000000,18.0,2022-01-26,19 days 00:00:00.000000000,7.74,73.08,42.99,-30.09,1.38,7,10.26,40.72,146.59,False,True,58.37
25,bdr,TEXA34.SA,TEXAS INC   DRN,56.27,2021-11-16,2021-12-07,21 days 00:00:00.000000000,7.09,2022-02-14,0 days 00:00:00.000000000,-2.95,0.0,-41.59,-41.59,-0.98,21,10.04,-inf,47.81,False,False,33.55
26,bdr,JNJB34.SA,JOHNSON     DRN,57.25,2021-09-22,2022-01-05,105 days 00:00:00.000000000,14.22,2022-02-14,0 days 00:00:00.000000000,-2.85,0.0,-20.05,-20.05,-0.95,105,17.07,-inf,16.26,False,False,25.2
27,bdr,FCXO34.SA,FREEPORT    DRN,220.2,2021-12-16,2022-01-12,27 days 00:00:00.000000000,16.88,2022-01-28,17 days 00:00:00.000000000,9.75,62.96,57.8,-5.17,9.37,10,7.12,57.38,71.23,False,True,53.38
28,bdr,A1MD34.SA,ADVANCED MICDRN,598.47,2021-09-29,2021-11-29,61 days 00:00:00.000000000,52.66,2022-02-11,3 days 00:00:00.000000000,-8.2,4.92,-15.57,-20.49,-0.72,58,60.86,-273.38,104.94,True,False,49.13
29,bdr,COTY34.SA,COTY INC    DRN,23.86,2021-10-13,2022-01-04,83 days 00:00:00.000000000,37.53,2022-01-28,17 days 00:00:00.000000000,9.77,20.48,26.02,5.54,5.73,66,27.76,57.45,42.06,False,True,58.74
30,bdr,FDXB34.SA,FEDEX CORP  DRN,1190.0,2021-10-04,2022-01-05,93 days 00:00:00.000000000,23.74,2022-02-14,0 days 00:00:00.000000000,-2.33,0.0,-9.83,-9.83,-0.91,93,26.07,-inf,28.03,False,False,22.39
31,bdr,UPSS34.SA,UPS         DRN,69.54,2021-12-01,2022-01-04,34 days 00:00:00.000000000,9.5,2022-01-28,17 days 00:00:00.000000000,6.93,50.0,72.93,22.93,3.33,17,2.57,40.76,15.13,True,False,52.29
32,bdr,COWC34.SA,COSTCO      DRN ED,65.75,2021-06-11,2021-12-29,201 days 00:00:00.000000000,54.31,2022-01-25,20 days 00:00:00.000000000,-1.56,9.95,-2.88,-12.83,-0.21,181,55.87,-7.81,30.87,True,False,59.62
33,bdr,UPAC34.SA,UNIONPACIFICDRN,321.6,2021-10-05,2022-01-05,92 days 00:00:00.000000000,31.84,2022-02-08,3 days 00:00:00.000000000,-1.08,3.26,-3.4,-6.66,-0.44,89,32.93,-36.09,36.99,True,False,21.18
34,bdr,CSXC34.SA,CSX CORP    DRN,87.58,2021-10-13,2022-01-07,86 days 00:00:00.000000000,16.67,2022-02-11,0 days 00:00:00.000000000,-3.27,0.0,-19.61,-19.61,-0.95,86,19.94,-inf,23.19,True,False,15.25
35,bdr,N1SC34.SA,NORFOLK SOUTDRN ED,355.3,2021-06-22,2021-12-29,190 days 00:00:00.000000000,21.95,2022-02-10,1 days 00:00:00.000000000,-1.21,0.53,-5.5,-6.02,-0.78,189,23.16,-120.68,12.25,True,False,8.37
36,bdr,CSCO34.SA,CISCO       DRN,55.3,2021-06-24,2021-12-29,188 days 00:00:00.000000000,36.3,2022-02-14,0 days 00:00:00.000000000,-2.4,0.0,-6.61,-6.61,-0.87,188,38.7,-inf,20.58,True,False,24.55
37,bdr,MCDC34.SA,MCDONALDS   DRN,65.94,2021-06-29,2021-12-29,183 days 00:00:00.000000000,32.24,2022-02-14,0 days 00:00:00.000000000,-1.67,0.0,-5.18,-5.18,-0.84,183,33.91,-inf,18.53,False,False,38.56
38,bdr,WALM34.SA,WAL MART    DRN,43.53,2021-10-04,2021-11-01,28 days 00:00:00.000000000,14.31,2022-02-14,0 days 00:00:00.000000000,-2.38,0.0,-16.62,-16.62,-0.94,28,16.68,-inf,59.59,True,False,25.8
39,bdr,S2HO34.SA,SHOPIFY INC DRN,36.73,2021-10-04,2021-11-19,46 days 00:00:00.000000000,28.98,2022-02-03,11 days 00:00:00.000000000,-4.78,23.91,-16.49,-40.4,-0.4,35,33.75,-43.44,96.44,True,False,42.22
40,bdr,EBAY34.SA,EBAY        DRN,151.21,2021-08-17,2021-10-22,66 days 00:00:00.000000000,14.19,2022-02-03,11 days 00:00:00.000000000,-1.01,16.67,-7.1,-23.77,-0.29,55,15.2,-9.17,27.64,True,False,42.15
41,bdr,AVGO34.SA,BROADCOM INCDRN,85.14,2021-10-04,2021-12-23,80 days 00:00:00.000000000,47.2,2022-01-21,24 days 00:00:00.000000000,-0.68,30.0,-1.45,-31.45,-0.04,56,47.89,-2.85,85.51,True,False,51.98
42,bdr,VERZ34.SA,VERIZON     DRN,46.14,2021-09-22,2022-01-05,105 days 00:00:00.000000000,9.99,2022-01-27,18 days 00:00:00.000000000,0.22,17.14,2.17,-14.97,0.14,87,9.77,1.21,11.23,True,False,40.48
43,bdr,P2IN34.SA,PINTERESTINCDRN,23.24,2021-10-11,2021-10-20,9 days 00:00:00.000000000,22.25,2022-02-03,8 days 00:00:00.000000000,-1.55,88.89,-6.96,-95.85,-0.07,1,23.8,-19.36,2379.91,True,False,37.7
44,bdr,ARMT34.SA,ARCELOR     DRN,78.0,2021-11-30,2022-01-13,44 days 00:00:00.000000000,30.16,2022-01-28,17 days 00:00:00.000000000,0.57,38.64,1.88,-36.76,0.05,27,29.59,3.33,109.59,True,False,41.63
45,bdr,VRTX34.SA,VERTEX PHARMDRN,300.14,2021-06-22,2022-02-02,225 days 00:00:00.000000000,34.83,2021-10-04,133 days 00:00:00.000000000,22.48,59.11,64.55,5.44,14.55,92,12.35,16.9,13.42,True,False,41.26
46,bdr,FDMO34.SA,FORD MOTORS DRN,90.48,2021-05-12,2022-01-13,246 days 00:00:00.000000000,91.01,2022-02-14,0 days 00:00:00.000000000,-1.5,0.0,-1.65,-1.65,-0.62,246,92.51,-inf,37.61,True,False,23.55
47,bdr,CATP34.SA,CATERPILLAR DRN,64.9,2021-09-21,2022-01-17,118 days 00:00:00.000000000,27.28,2022-02-14,0 days 00:00:00.000000000,-1.59,0.0,-5.84,-5.84,-0.85,118,28.87,-inf,24.47,True,False,14.29
48,bdr,ABUD34.SA,AB INBEV    DRN,53.25,2021-11-30,2022-01-17,48 days 00:00:00.000000000,16.42,2022-02-14,0 days 00:00:00.000000000,-3.36,0.0,-20.44,-20.44,-0.95,48,19.78,-inf,41.21,True,False,24.91
49,bdr,WFCO34.SA,WELLS FARGO DRN ED,75.29,2021-09-13,2022-01-17,126 days 00:00:00.000000000,35.41,2022-02-03,11 days 00:00:00.000000000,3.06,8.73,8.65,-0.08,8.05,115,32.35,27.86,28.13,False,True,61.24
50,cambio,USDBRL=X,USD/BRL,5.22,2021-09-10,2021-12-22,103 days 00:00:00.000000000,7.94,2022-02-15,0 days 00:00:00.000000000,-0.61,0.0,-7.64,-7.64,-0.88,103,8.54,-inf,8.3,True,False,21.13
51,cambio,EURBRL=X,EUR/BRL,5.9,2021-11-16,2021-12-22,36 days 00:00:00.000000000,3.74,2022-02-15,0 days 00:00:00.000000000,-0.9,0.0,-24.09,-24.09,-0.96,36,4.64,-inf,12.9,True,False,29.38
52,cambio,EURUSD=X,EUR/USD,1.14,2021-08-20,2021-09-07,18 days 00:00:00.000000000,1.46,2022-01-28,18 days 00:00:00.000000000,0.96,100.0,66.07,-33.93,1.89,0,0.5,5.36,inf,False,True,54.05
53,cripto,BTC-USD,Bitcoin USD,43941.56,2021-09-21,2021-11-08,48 days 00:00:00.000000000,48.66,2022-01-26,20 days 00:00:00.000000000,18.29,41.67,37.6,-4.07,7.42,28,30.36,91.47,108.43,False,True,69.72
54,cripto,LTC-USD,Litecoin USD,129.96,2021-09-28,2021-11-14,47 days 00:00:00.000000000,69.78,2022-01-27,19 days 00:00:00.000000000,20.9,40.43,29.95,-10.47,2.61,28,48.88,110.02,174.57,False,True,60.94
55,cripto,ETH-USD,Ethereum USD,3076.51,2021-09-21,2021-11-08,48 days 00:00:00.000000000,52.66,2022-01-27,19 days 00:00:00.000000000,23.52,39.58,44.66,5.07,10.96,29,29.14,123.78,100.5,False,True,61.27
56,cripto,CET-USD,CoinEx Token USD,0.06,2021-09-30,2021-11-11,42 days 00:00:00.000000000,83.65,2022-01-27,19 days 00:00:00.000000000,18.33,45.24,21.92,-23.32,0.9,23,65.31,96.49,283.97,False,True,74.4
57,cripto,SOL-USD,Solana USD,102.61,2021-12-14,2021-12-27,13 days 00:00:00.000000000,24.73,2022-01-27,19 days 00:00:00.000000000,13.51,146.15,54.63,-91.52,0.59,-6,11.22,71.12,-187.01,True,False,43.72
58,cripto,EGLD-USD,Elrond USD,195.5,2021-07-22,2021-11-22,123 days 00:00:00.000000000,210.72,2022-01-22,24 days 00:00:00.000000000,38.09,19.51,18.08,-1.44,7.42,99,172.63,158.71,174.37,False,True,72.07
59,cripto,FTM-USD,Fantom USD,2.02,2021-12-14,2022-01-16,33 days 00:00:00.000000000,106.25,2022-02-13,2 days 00:00:00.000000000,3.94,6.06,3.7,-2.36,1.1,31,102.31,196.76,330.04,True,False,48.11
60,cripto,DOT-USD,Polkadot USD,19.6,2021-07-20,2021-11-04,107 days 00:00:00.000000000,178.63,2022-01-24,22 days 00:00:00.000000000,5.54,20.56,3.1,-17.46,0.17,85,173.1,25.16,203.64,True,False,49.8
61,cripto,ADA-USD,Cardano USD,1.08,2021-12-10,2022-01-17,38 days 00:00:00.000000000,27.1,2022-02-02,13 days 00:00:00.000000000,0.23,34.21,0.83,-33.38,0.02,25,26.87,1.73,107.49,True,False,49.17
62,cripto,MATIC-USD,Polygon USD,1.76,2021-11-18,2021-12-26,38 days 00:00:00.000000000,67.59,2022-02-02,13 days 00:00:00.000000000,9.24,34.21,13.67,-20.54,0.63,25,58.34,71.09,233.38,False,True,54.39
63,cripto,LUNA1-USD,Terra USD,55.43,2021-10-19,2021-12-26,68 days 00:00:00.000000000,118.15,2022-01-30,16 days 00:00:00.000000000,11.68,23.53,9.89,-13.64,0.68,52,106.47,73.01,204.75,False,True,55.51
64,cripto,AR-USD,Arweave USD,33.97,2021-12-13,2022-01-01,19 days 00:00:00.000000000,51.37,2022-01-26,20 days 00:00:00.000000000,9.42,105.26,18.33,-86.93,0.21,-1,41.95,47.08,-4194.9,True,False,40.63
65,cripto,LINK-USD,Chainlink USD,16.56,2021-12-14,2022-01-10,27 days 00:00:00.000000000,49.04,2022-01-27,19 days 00:00:00.000000000,10.13,70.37,20.67,-49.7,0.41,8,38.91,53.34,486.32,True,False,47.32
66,cripto,CRO-USD,CryptocomCoin USD,0.5,2021-09-30,2021-11-23,54 days 00:00:00.000000000,200.97,2022-01-22,24 days 00:00:00.000000000,34.37,44.44,17.1,-27.34,0.6,30,166.6,143.22,555.33,False,True,60.53
67,cripto,HNT-USD,Helium USD,25.89,2021-12-15,2022-01-04,20 days 00:00:00.000000000,43.28,2022-01-22,23 days 00:00:00.000000000,11.46,115.0,26.48,-88.52,0.3,-3,31.82,49.82,-1060.68,True,False,44.11
68,cripto,ATOM-USD,Cosmos USD,27.18,2021-12-14,2022-01-16,33 days 00:00:00.000000000,78.07,2022-02-13,1 days 00:00:00.000000000,0.59,3.03,0.75,-2.28,0.23,32,77.48,58.51,242.13,True,False,47.2
69,cripto,BNB-USD,BinanceCoin USD,427.91,2021-09-28,2021-11-08,41 days 00:00:00.000000000,70.29,2022-02-02,13 days 00:00:00.000000000,11.46,31.71,16.3,-15.41,0.99,28,58.83,88.14,210.1,False,True,61.76
70,cripto,ALGO-USD,Algorand USD,0.93,2021-07-21,2021-09-12,53 days 00:00:00.000000000,145.02,2022-02-15,0 days 00:00:00.000000000,1.09,0.0,0.75,0.75,2.97,53,143.93,inf,271.57,True,False,26.45
71,cripto,AVAX-USD,Avalanche USD,86.26,2021-12-13,2022-01-01,19 days 00:00:00.000000000,30.74,2022-02-02,13 days 00:00:00.000000000,18.44,68.42,59.99,-8.43,6.36,6,12.3,141.87,204.98,False,True,62.85
72,cripto,FIL-USD,FilecoinFutures USD,21.51,2021-07-20,2021-09-05,47 days 00:00:00.000000000,102.27,2022-01-25,21 days 00:00:00.000000000,17.42,44.68,17.04,-27.64,0.59,26,84.85,82.97,326.33,False,True,52.99
73,cripto,AXS-USD,AxieInfinity USD,59.37,2021-09-21,2021-11-07,47 days 00:00:00.000000000,127.53,2022-01-28,18 days 00:00:00.000000000,26.91,38.3,21.1,-17.2,1.16,29,100.62,149.51,346.96,False,True,56.99
74,cripto,MANA-USD,Decentraland USD,3.05,2021-09-28,2021-11-25,58 days 00:00:00.000000000,299.76,2022-01-28,18 days 00:00:00.000000000,33.65,31.03,11.22,-19.81,0.54,40,266.11,186.92,665.28,False,True,59.34
75,cripto,THETA-USD,THETA USD,3.72,2021-12-14,2021-12-27,13 days 00:00:00.000000000,36.05,2022-02-02,13 days 00:00:00.000000000,27.41,100.0,76.02,-23.98,3.04,0,8.65,210.83,inf,False,True,66.1
76,fii,KNRI11.SA,FII KINEA   CI,135.31,2021-08-23,2021-09-27,35 days 00:00:00.000000000,10.95,2021-11-30,76 days 00:00:00.000000000,6.09,217.14,55.66,-161.48,0.34,-41,4.85,8.02,-11.84,False,True,55.83
77,fii,HGRE11.SA,FII HG REAL CI,131.23,2021-11-23,2022-01-17,55 days 00:00:00.000000000,19.11,2022-02-08,6 days 00:00:00.000000000,0.28,10.91,1.46,-9.45,0.14,49,18.83,4.66,38.42,True,False,34.81
78,fii,RBVO11.SA,FII RIOBCRI2CI,12.0,2021-05-03,2021-10-15,165 days 00:00:00.000000000,31.52,2022-02-14,0 days 00:00:00.000000000,-1.8,0.0,-5.71,-5.71,-0.85,165,33.32,-inf,20.2,False,False,36.73
79,fii,HGLG11.SA,FII CSHG LOGCI,166.06,2021-11-25,2022-01-20,56 days 00:00:00.000000000,11.47,2022-02-14,0 days 00:00:00.000000000,-1.15,0.0,-10.02,-10.02,-0.91,56,12.62,-inf,22.53,True,False,28.39
80,fii,NPAR11.SA,FII NESTPAR CI,12.35,2021-08-30,2021-10-29,60 days 00:00:00.000000000,7.44,2021-12-02,71 days 00:00:00.000000000,9.17,118.33,123.28,4.95,31.24,-11,-1.73,12.91,15.74,True,False,49.19
81,fii,PPLA11.SA,PPLA        UNT,8.88,2021-03-10,2021-04-01,22 days 00:00:00.000000000,20.01,2022-01-10,32 days 00:00:00.000000000,45.18,145.45,225.73,80.28,2.85,-10,-25.16,141.17,251.63,False,True,73.24
82,fii,IRDM11.SA,FII IRIDIUM CI  ER,107.39,2021-10-04,2021-10-11,7 days 00:00:00.000000000,3.41,2021-12-17,59 days 00:00:00.000000000,6.23,842.86,183.01,-659.84,0.28,-52,-2.83,10.56,5.44,True,False,43.15
83,fii,BCRI11.SA,FII BEES CRICI,108.72,2021-09-08,2022-01-28,142 days 00:00:00.000000000,2.84,2021-12-02,74 days 00:00:00.000000000,6.34,52.11,223.2,171.09,1.31,68,-3.5,8.57,-5.15,True,False,37.19
84,fii,MFII11.SA,FII MERITO ICI,107.65,2021-08-24,2021-09-30,37 days 00:00:00.000000000,2.29,2021-11-24,82 days 00:00:00.000000000,5.69,221.62,248.68,27.06,9.54,-45,-3.4,6.94,7.56,True,False,42.17
85,fii,VRTA11.SA,FII FATOR VECI,104.23,2021-07-02,2021-07-30,28 days 00:00:00.000000000,5.17,2021-12-02,74 days 00:00:00.000000000,5.68,264.29,110.01,-154.28,0.71,-46,-0.52,7.68,1.12,True,False,53.58
86,fii,SARE11.SA,FII SANT RENCI,68.99,2021-09-23,2021-10-18,25 days 00:00:00.000000000,9.5,2021-11-30,76 days 00:00:00.000000000,9.79,304.0,102.99,-201.01,0.51,-51,-0.28,12.88,0.56,True,False,36.9
87,fii,HABT11.SA,FII HABIT IICI,107.8,2021-12-15,2022-01-27,43 days 00:00:00.000000000,6.12,2022-02-11,3 days 00:00:00.000000000,-0.14,6.98,-2.21,-9.19,-0.22,40,6.25,-4.51,15.64,True,False,31.52
88,fii,HSML11.SA,FII HSI MALLCI,75.6,2021-11-26,2021-12-30,34 days 00:00:00.000000000,15.67,2022-02-07,7 days 00:00:00.000000000,-0.03,20.59,-0.21,-20.8,-0.01,27,15.7,-0.48,58.16,True,False,32.44
89,fii,RBRF11.SA,FII RBRALPHACI  ER,71.8,2021-12-01,2021-12-30,29 days 00:00:00.000000000,14.63,2022-02-14,0 days 00:00:00.000000000,-1.06,0.0,-7.25,-7.25,-0.88,29,15.69,-inf,54.1,True,False,35.01
90,fii,BRCO11.SA,FII BRESCO  CI,100.18,2021-07-06,2021-07-19,13 days 00:00:00.000000000,5.93,2021-11-26,80 days 00:00:00.000000000,17.68,615.38,297.94,-317.44,0.94,-67,-11.75,22.1,17.53,False,True,71.85
91,fii,XPLG11.SA,FII XP LOG  CI,97.25,2021-11-25,2021-12-30,35 days 00:00:00.000000000,14.52,2022-02-10,4 days 00:00:00.000000000,-0.05,11.43,-0.33,-11.76,-0.03,31,14.57,-1.2,46.99,True,False,24.09
92,fii,MALL11.SA,FII MALLS BPCI,97.9,2021-08-17,2022-02-11,178 days 00:00:00.000000000,7.4,2021-11-24,82 days 00:00:00.000000000,16.93,46.07,228.63,182.57,1.26,96,-9.52,20.64,-9.92,False,True,60.53
93,fii,JSRE11.SA,FII JS REAL CI,76.14,2021-11-23,2021-12-30,37 days 00:00:00.000000000,18.61,2022-02-14,0 days 00:00:00.000000000,-1.12,0.0,-6.0,-6.0,-0.86,37,19.72,-inf,53.31,True,False,34.24
94,fii,MGFF11.SA,FII MOGNO   CI  ER,62.15,2021-10-08,2021-10-15,7 days 00:00:00.000000000,4.64,2022-02-10,4 days 00:00:00.000000000,0.66,57.14,14.25,-42.9,0.32,3,3.98,16.54,132.74,True,False,18.71
95,fii,XPSF11.SA,FII XP SELECCI,75.39,2021-06-28,2021-07-30,32 days 00:00:00.000000000,2.71,2022-02-14,0 days 00:00:00.000000000,-0.37,0.0,-13.65,-13.65,-0.93,32,3.08,-inf,9.63,True,False,20.17
96,fii,BTLG11.SA,FII BTLG    CI,104.01,2021-09-16,2021-10-15,29 days 00:00:00.000000000,2.31,2021-11-25,81 days 00:00:00.000000000,6.2,279.31,268.41,-10.9,22.55,-52,-3.89,7.66,7.48,False,False,36.69
97,fii,RECR11.SA,FII REC RECECI  ER,99.91,2021-08-17,2021-09-02,16 days 00:00:00.000000000,2.85,2022-02-11,3 days 00:00:00.000000000,0.16,18.75,5.63,-13.12,0.4,13,2.69,5.34,20.67,True,False,24.89
98,fii,KNIP11.SA,FII KINEA IPCI,102.41,2021-07-01,2021-07-30,29 days 00:00:00.000000000,2.92,2022-02-14,0 days 00:00:00.000000000,-0.07,0.0,-2.34,-2.34,-0.7,29,2.99,-inf,10.32,True,False,29.3
99,fii,HGCR11.SA,FII CSHG CRICI,105.14,2021-06-28,2021-10-01,95 days 00:00:00.000000000,6.04,2021-11-26,80 days 00:00:00.000000000,4.69,84.21,77.69,-6.52,10.33,15,1.35,5.87,8.99,True,False,42.82
100,index,^BVSP,IBOVESPA,113807.0,2021-03-08,2021-06-07,91 days 00:00:00.000000000,13.09,2022-01-05,40 days 00:00:00.000000000,9.63,43.96,73.6,29.64,2.57,51,3.46,24.08,6.78,False,True,71.52
101,index,^IXIC,NASDAQ Composite,13790.92,2021-10-04,2021-11-19,46 days 00:00:00.000000000,9.87,2022-01-27,18 days 00:00:00.000000000,2.12,39.13,21.45,-17.68,1.15,28,7.75,11.76,27.68,True,False,53.85
102,index,^GSPC,S&P 500,4401.67,2021-10-04,2022-01-03,91 days 00:00:00.000000000,9.86,2022-01-27,18 days 00:00:00.000000000,1.32,19.78,13.39,-6.39,1.81,73,8.54,7.33,11.69,True,False,53.08
103,index,^DJI,Dow Jones Industrial Average,34566.17,2021-09-30,2022-01-04,96 days 00:00:00.000000000,7.01,2022-01-27,18 days 00:00:00.000000000,1.23,18.75,17.48,-1.27,7.71,78,5.79,6.81,7.42,True,False,53.33
104,index,^MERV,MERVAL,87803.68,2021-07-19,2021-11-08,112 days 00:00:00.000000000,43.62,2021-11-29,77 days 00:00:00.000000000,9.91,68.75,22.72,-46.03,0.48,35,33.71,12.87,96.32,False,True,59.41
105,index,^NYA,NYSE COMPOSITE (DJ),16531.31,2021-12-03,2022-01-12,40 days 00:00:00.000000000,5.29,2022-01-27,18 days 00:00:00.000000000,1.87,45.0,35.31,-9.69,3.3,22,3.42,10.38,15.57,True,False,54.55
106,index,^XAX,NYSE AMEX COMPOSITE INDEX,3749.95,2020-10-01,2022-02-11,498 days 00:00:00.000000000,72.27,2021-08-19,179 days 00:00:00.000000000,25.8,35.94,35.7,-0.25,28.59,319,46.47,14.41,14.57,False,True,67.16
107,index,^BUK100P,Cboe UK 100,747.36,2021-02-26,2022-02-10,349 days 00:00:00.000000000,14.65,2021-09-20,147 days 00:00:00.000000000,8.25,42.12,56.32,14.2,4.27,202,6.4,5.61,3.17,True,False,58.4
108,index,^RUT,Russell 2000,2020.79,2021-08-19,2021-11-08,81 days 00:00:00.000000000,12.75,2022-01-27,18 days 00:00:00.000000000,2.39,22.22,18.74,-3.48,4.18,63,10.36,13.28,16.44,True,False,52.06
109,index,^VIX,CBOE Volatility Index,28.33,2021-11-03,2022-01-26,84 days 00:00:00.000000000,100.81,2022-01-03,42 days 00:00:00.000000000,61.25,50.0,60.75,10.75,6.23,42,39.57,145.83,94.21,False,True,44.55
110,index,^FTSE,FTSE 100,7531.6,2021-09-21,2022-02-10,142 days 00:00:00.000000000,10.9,2021-11-30,76 days 00:00:00.000000000,5.97,53.52,54.75,1.23,237.89,66,4.93,7.85,7.47,True,False,60.43
111,index,^GDAXI,DAX PERFORMANCE-INDEX,15113.97,2021-12-03,2022-01-05,33 days 00:00:00.000000000,6.52,2022-01-24,21 days 00:00:00.000000000,-3.01,63.64,-46.09,-109.72,-0.42,12,9.53,-14.31,79.38,True,False,49.77
112,index,^FCHI,CAC 40,6852.2,2021-12-03,2022-01-05,33 days 00:00:00.000000000,8.32,2022-01-24,21 days 00:00:00.000000000,-2.92,63.64,-35.13,-98.76,-0.35,12,11.24,-13.92,93.68,True,False,50.7
113,index,^STOXX50E,ESTX 50 PR.EUR,4064.45,2021-12-03,2022-01-05,33 days 00:00:00.000000000,6.82,2022-01-24,21 days 00:00:00.000000000,-3.77,63.64,-55.31,-118.94,-0.46,12,10.6,-17.97,88.32,True,False,48.92
114,index,^N100,Euronext 100 Index,1298.61,2021-12-03,2022-01-05,33 days 00:00:00.000000000,6.08,2022-01-24,21 days 00:00:00.000000000,-2.59,63.64,-42.66,-106.3,-0.4,12,8.68,-12.35,72.3,True,False,53.05
115,index,^BFX,BEL 20,4004.89,2021-12-14,2022-01-04,21 days 00:00:00.000000000,5.13,2022-01-24,21 days 00:00:00.000000000,-3.38,100.0,-65.83,-165.83,-0.39,0,8.5,-16.07,inf,True,False,47.74
116,index,IMOEX.ME,MOEX Russia Index,3481.38,2021-12-13,2022-01-04,22 days 00:00:00.000000000,3.17,2022-01-24,21 days 00:00:00.000000000,1.64,95.45,51.84,-43.62,1.16,1,1.53,7.83,152.82,False,True,65.33
117,index,^N225,Nikkei 225,27079.59,2021-10-13,2021-11-16,34 days 00:00:00.000000000,5.56,2022-01-27,18 days 00:00:00.000000000,0.39,52.94,6.94,-46.0,0.15,16,5.18,2.15,32.36,True,False,44.38
118,index,^HSI,HANG SENG INDEX,24556.57,2021-10-06,2021-10-20,14 days 00:00:00.000000000,8.2,2022-01-05,40 days 00:00:00.000000000,5.58,285.71,67.97,-217.75,0.31,-26,2.63,13.94,-10.11,False,True,44.74
119,index,000001.SS,SSE Composite Index,3428.88,2021-11-05,2021-12-13,38 days 00:00:00.000000000,4.32,2022-01-28,17 days 00:00:00.000000000,1.05,44.74,24.34,-20.4,1.14,21,3.27,6.19,15.58,True,False,33.91
120,index,399001.SZ,Shenzhen Component,13123.21,2021-10-12,2021-12-13,62 days 00:00:00.000000000,5.86,2022-02-14,0 days 00:00:00.000000000,-0.77,0.0,-13.06,-13.06,-0.93,62,6.62,-inf,10.68,True,False,21.62
121,index,^JKSE,Composite Index,6734.49,2021-02-02,2022-02-09,372 days 00:00:00.000000000,12.65,2021-05-24,266 days 00:00:00.000000000,15.92,71.51,125.87,54.37,2.36,106,-3.27,5.98,-3.09,False,True,57.07
122,index,MSCI,MSCI Inc,532.97,2021-10-04,2021-11-16,43 days 00:00:00.000000000,10.6,2022-01-27,18 days 00:00:00.000000000,8.35,41.86,78.79,36.92,2.19,25,2.25,46.38,8.99,False,True,64.78
123,index,^TNX,CBOE Interest Rate 10 Year T No,2.0,2020-08-04,2022-02-10,555 days 00:00:00.000000000,151.58,2021-08-02,196 days 00:00:00.000000000,54.09,35.32,35.69,0.37,56.76,359,97.49,27.6,27.16,False,True,66.56
124,bov,GGBR4.SA,GERDAU      PN      N1,27.72,2021-11-10,2021-12-16,36 days 00:00:00.000000000,22.44,2022-01-25,20 days 00:00:00.000000000,-0.14,55.56,-0.63,-56.18,-0.01,16,22.58,-0.7,141.12,True,False,53.69
125,bov,SUZB3.SA,SUZANO S.A. ON      NM,58.49,2021-07-30,2022-01-18,172 days 00:00:00.000000000,14.34,2021-10-27,110 days 00:00:00.000000000,17.12,63.95,119.4,55.44,2.19,62,-2.78,15.56,-4.49,True,False,57.9
126,bov,HAPV3.SA,HAPVIDA     ON      NM,11.87,2021-10-26,2021-11-11,16 days 00:00:00.000000000,15.26,2022-01-05,40 days 00:00:00.000000000,19.59,250.0,128.31,-121.69,1.05,-24,-4.32,48.96,18.0,True,False,47.91
127,bov,BBDC4.SA,BRADESCO    PN  EJ  N1,21.02,2021-11-04,2022-02-04,92 days 00:00:00.000000000,14.48,2021-12-30,46 days 00:00:00.000000000,9.39,50.0,64.84,14.84,4.68,46,5.09,20.41,11.06,True,False,36.98
128,bov,ABEV3.SA,AMBEV S/A   ON,15.04,2021-10-22,2021-11-05,14 days 00:00:00.000000000,17.29,2022-02-08,6 days 00:00:00.000000000,5.18,42.86,29.93,-12.92,2.15,8,12.11,86.25,151.42,False,True,49.44
129,bov,VIVT3.SA,TELEF BRASILON,49.78,2021-07-27,2021-11-19,115 days 00:00:00.000000000,27.85,2022-01-14,31 days 00:00:00.000000000,5.82,26.96,20.91,-6.04,2.97,84,22.02,18.79,26.22,False,True,59.2
130,bov,WEGE3.SA,WEG         ON      NM,30.41,2021-11-30,2021-12-16,16 days 00:00:00.000000000,9.63,2022-01-10,35 days 00:00:00.000000000,4.08,218.75,42.34,-176.41,0.24,-19,5.55,11.65,-29.22,True,False,51.41
131,bov,NEOE3.SA,NEOENERGIA  ON      NM,15.81,2021-10-06,2021-12-03,58 days 00:00:00.000000000,20.83,2022-01-10,35 days 00:00:00.000000000,7.6,60.34,36.5,-23.85,1.47,23,13.23,21.72,57.51,True,False,47.83
132,bov,ETER3.SA,ETERNIT     ON      NM,16.61,2021-10-29,2021-12-28,60 days 00:00:00.000000000,45.99,2022-01-24,21 days 00:00:00.000000000,1.82,35.0,3.97,-31.03,0.12,39,44.17,8.69,113.25,True,False,53.05
133,bov,ENEV3.SA,ENEVA       ON      NM,13.41,2021-10-22,2021-11-19,28 days 00:00:00.000000000,6.47,2022-01-18,27 days 00:00:00.000000000,6.46,96.43,99.96,3.53,39.44,1,0.0,23.94,0.24,False,True,61.02
134,bov,BPAC11.SA,BTGP BANCO  UNT     N2,23.02,2021-03-18,2021-07-26,130 days 00:00:00.000000000,33.16,2022-01-18,24 days 00:00:00.000000000,16.32,18.46,49.22,30.76,1.65,106,16.84,68.01,15.88,False,True,59.81
135,bov,CSNA3.SA,SID NACIONALON,27.71,2021-06-17,2021-07-29,42 days 00:00:00.000000000,13.97,2021-11-18,88 days 00:00:00.000000000,31.47,209.52,225.28,15.75,15.27,-46,-17.5,35.77,38.05,False,True,70.99
136,bov,ITUB4.SA,ITAUUNIBANCOPN      N1,26.52,2021-03-01,2021-06-16,107 days 00:00:00.000000000,28.53,2021-12-30,46 days 00:00:00.000000000,22.68,42.99,79.5,36.51,2.24,61,5.85,49.31,9.59,False,True,71.8
137,bov,VALE3.SA,VALE        ON      NM,91.34,2021-02-02,2021-05-11,98 days 00:00:00.000000000,32.2,2021-11-18,88 days 00:00:00.000000000,35.57,89.8,110.46,20.66,5.62,10,-3.37,40.42,-33.69,False,True,68.51
138,bov,PETR4.SA,PETROBRAS   PN      N2,32.99,2021-08-04,2022-01-27,176 days 00:00:00.000000000,44.09,2021-09-20,147 days 00:00:00.000000000,42.37,83.52,96.09,12.57,8.3,29,1.72,28.82,5.94,False,True,50.0
139,bov,CAML3.SA,CAMIL       ON      NM,9.19,2021-11-29,2021-12-30,31 days 00:00:00.000000000,19.65,2022-02-11,3 days 00:00:00.000000000,0.78,9.68,3.97,-5.71,0.59,28,18.87,25.98,67.4,False,True,50.0
140,bov,TOTS3.SA,TOTVS       ON      NM,28.53,2021-10-22,2021-11-11,20 days 00:00:00.000000000,11.35,2022-01-18,27 days 00:00:00.000000000,12.76,135.0,112.41,-22.59,4.77,-7,-1.41,47.25,20.12,False,True,65.47
141,bov,USIM5.SA,USIMINAS    PNA     N1,15.77,2021-06-17,2021-08-10,54 days 00:00:00.000000000,20.53,2021-11-05,101 days 00:00:00.000000000,29.28,187.04,142.61,-44.42,3.14,-47,-8.75,28.99,18.62,True,False,45.28
142,bov,RADL3.SA,RAIADROGASILON      NM,23.1,2021-12-02,2021-12-30,28 days 00:00:00.000000000,11.23,2022-01-24,21 days 00:00:00.000000000,9.8,75.0,87.27,12.27,7.74,7,1.43,46.68,20.43,False,True,65.76
143,bov,GFSA3.SA,GAFISA      ON      NM,1.99,2021-05-24,2021-06-14,21 days 00:00:00.000000000,14.25,2022-01-18,27 days 00:00:00.000000000,15.3,128.57,107.37,-21.2,4.84,-6,-1.05,56.66,17.51,False,True,58.62
144,bov,MEAL3.SA,IMC S/A     ON      NM,2.62,2021-05-13,2021-06-21,39 days 00:00:00.000000000,24.33,2022-01-18,27 days 00:00:00.000000000,21.45,69.23,88.19,18.96,4.91,12,2.87,79.46,23.95,False,True,61.86
145,bov,UNIP3.SA,UNIPAR      ON,96.59,2021-11-04,2021-12-30,56 days 00:00:00.000000000,35.05,2022-01-27,18 days 00:00:00.000000000,7.96,32.14,22.72,-9.43,2.18,38,27.09,44.23,71.29,False,True,61.13
146,bov,CVCB3.SA,CVC BRASIL  ON      NM,13.34,2021-03-09,2021-06-28,111 days 00:00:00.000000000,68.38,2022-01-18,27 days 00:00:00.000000000,15.76,24.32,23.05,-1.28,10.12,84,52.62,58.37,62.64,False,True,53.54
147,bov,LREN3.SA,LOJAS RENNERON      NM,25.8,2021-02-26,2021-06-08,102 days 00:00:00.000000000,30.76,2022-01-05,40 days 00:00:00.000000000,13.51,39.22,43.92,4.71,11.85,62,17.25,33.78,27.82,True,False,38.39
148,bov,BOBR4.SA,BOMBRIL     PN,1.51,2021-05-28,2021-06-10,13 days 00:00:00.000000000,34.8,2022-01-18,27 days 00:00:00.000000000,2.3,207.69,6.62,-201.07,0.03,-14,32.5,8.53,-232.11,True,False,50.0
149,bov,BRPR3.SA,BR PROPERT  ON      NM,7.2,2021-08-17,2021-09-13,27 days 00:00:00.000000000,10.8,2022-01-10,35 days 00:00:00.000000000,11.63,129.63,107.71,-21.92,4.7,-8,-0.83,33.23,10.41,False,True,55.47
150,bov,RAPT3.SA,RANDON PART ON      N1,11.15,2021-08-17,2021-09-30,44 days 00:00:00.000000000,17.69,2022-02-14,0 days 00:00:00.000000000,-1.41,0.0,-8.0,-8.0,-0.89,44,19.11,-inf,43.43,False,False,30.77
151,bov,POMO4.SA,MARCOPOLO   PN      N2,2.95,2021-05-04,2021-07-05,62 days 00:00:00.000000000,35.33,2021-11-30,76 days 00:00:00.000000000,11.99,122.58,33.94,-88.64,0.38,-14,23.34,15.78,-166.72,True,False,34.12
152,bov,RAIL3.SA,RUMO S.A.   ON      NM,16.2,2021-10-29,2021-12-15,47 days 00:00:00.000000000,15.95,2022-02-07,7 days 00:00:00.000000000,6.17,14.89,38.72,23.82,1.7,40,9.77,88.2,24.43,False,True,41.48
153,bov,LAME4.SA,LOJAS AMERICPN      N1,6.55,2021-10-04,2021-11-12,39 days 00:00:00.000000000,32.09,2022-01-10,11 days 00:00:00.000000000,23.66,28.21,73.73,45.52,1.66,28,8.43,215.07,30.11,False,False,63.64
154,bov,CCRO3.SA,CCR SA      ON      NM,12.47,2021-04-30,2021-06-07,38 days 00:00:00.000000000,13.36,2022-01-10,35 days 00:00:00.000000000,10.58,92.11,79.18,-12.93,5.69,3,2.78,30.23,92.74,False,True,58.99
155,bov,GUAR3.SA,GUARARAPES  ON,11.74,2021-03-03,2021-06-08,97 days 00:00:00.000000000,68.4,2022-01-18,27 days 00:00:00.000000000,29.56,27.84,43.22,15.39,3.0,70,38.84,109.5,55.48,False,True,57.88
156,bov,CSAN3.SA,COSAN       ON      NM,22.13,2021-10-29,2022-01-31,94 days 00:00:00.000000000,19.38,2022-01-10,35 days 00:00:00.000000000,11.56,37.23,59.63,22.4,2.79,59,7.82,33.02,13.26,True,False,52.05
157,bov,SANB11.SA,SANTANDER BRUNT EDJ,31.83,2021-03-01,2021-06-07,98 days 00:00:00.000000000,23.04,2021-12-30,43 days 00:00:00.000000000,7.84,43.88,34.04,-9.84,3.14,55,15.19,18.24,27.62,False,True,60.48
158,bov,MNPR3.SA,MINUPAR     ON,6.02,2021-09-08,2021-09-28,20 days 00:00:00.000000000,8.84,2022-01-10,35 days 00:00:00.000000000,2.73,175.0,30.92,-144.08,0.21,-15,6.11,7.81,-40.71,True,False,45.12
159,bov,TAEE11.SA,TAESA       UNT     N2,37.58,2021-07-01,2021-08-20,50 days 00:00:00.000000000,9.52,2021-11-23,80 days 00:00:00.000000000,10.24,160.0,107.52,-52.48,2.01,-30,-0.72,12.8,2.39,True,False,42.77
160,bov,CMIG3.SA,CEMIG       ON      N1,17.06,2021-07-19,2022-02-01,197 days 00:00:00.000000000,29.17,2021-08-16,182 days 00:00:00.000000000,26.37,92.39,90.4,-1.99,30.24,15,2.8,14.49,18.67,True,False,43.52
161,bov,BBAS3.SA,BRASIL      ON      NM,33.57,2021-09-20,2022-02-14,147 days 00:00:00.000000000,18.57,2022-01-05,40 days 00:00:00.000000000,15.38,27.21,82.84,55.63,1.52,107,3.19,38.46,2.98,False,False,65.23
162,bov,BRAP4.SA,BRADESPAR   PN      N1,30.9,2021-12-09,2022-02-11,64 days 00:00:00.000000000,35.27,2021-12-09,67 days 00:00:00.000000000,34.09,104.69,96.65,-8.04,10.69,-3,1.18,50.88,-39.44,False,True,85.71
163,bov,CRFB3.SA,CARREFOUR BRON      NM,16.34,2021-03-03,2021-06-10,99 days 00:00:00.000000000,27.3,2022-01-07,38 days 00:00:00.000000000,14.13,38.38,51.76,13.38,4.18,61,13.17,37.19,21.59,False,True,62.36
164,bov,MYPK3.SA,IOCHP-MAXIONON      NM,13.8,2021-08-17,2021-10-18,62 days 00:00:00.000000000,34.11,2022-02-14,0 days 00:00:00.000000000,0.66,0.0,1.92,1.92,2.08,62,33.45,inf,53.95,True,False,27.64
165,bov,JBSS3.SA,JBS         ON      NM,38.42,2021-12-03,2022-02-11,70 days 00:00:00.000000000,12.94,2022-02-03,11 days 00:00:00.000000000,10.17,15.71,78.63,62.92,1.27,59,2.76,92.49,4.69,False,True,62.5
166,bov,GRND3.SA,GRENDENE    ON      NM,8.53,2021-03-01,2021-08-12,164 days 00:00:00.000000000,66.15,2022-01-05,40 days 00:00:00.000000000,8.26,24.39,12.48,-11.91,0.97,124,57.89,20.65,46.69,True,False,49.74
167,bov,SHOW3.SA,TIME FOR FUNON      NM,3.33,2021-08-16,2021-09-03,18 days 00:00:00.000000000,10.74,2022-01-24,21 days 00:00:00.000000000,12.7,116.67,118.23,1.56,211.68,-3,-1.96,60.48,65.26,False,True,59.32
168,bov,FLRY3.SA,FLEURY      ON      NM,18.18,2021-05-03,2021-05-20,17 days 00:00:00.000000000,8.05,2022-01-05,40 days 00:00:00.000000000,11.36,235.29,141.1,-94.19,1.48,-23,-3.31,28.4,14.39,True,False,37.2
169,bov,AGRO3.SA,BRASILAGRO  ON      NM,30.21,2021-08-17,2022-02-14,181 days 00:00:00.000000000,27.43,2021-12-01,75 days 00:00:00.000000000,25.94,41.44,94.57,53.13,1.81,106,1.49,34.58,1.41,False,True,73.02
170,bov,CYRE3.SA,CYRELA REALTON      NM,15.88,2021-03-09,2021-06-14,97 days 00:00:00.000000000,13.82,2022-01-18,27 days 00:00:00.000000000,12.48,27.84,90.31,62.48,1.47,70,1.34,46.23,1.91,True,False,43.28
171,bov,CEBR3.SA,CEB         ON,15.66,2021-10-11,2021-10-14,3 days 00:00:00.000000000,-294.11,2022-02-07,7 days 00:00:00.000000000,5.75,233.33,-1.96,-235.29,-0.01,-4,-299.87,82.2,7496.72,False,True,47.76
172,bov,CPLE3.SA,COPEL       ON      N2,6.28,2021-07-08,2022-02-03,210 days 00:00:00.000000000,25.08,2021-11-08,98 days 00:00:00.000000000,15.13,46.67,60.33,13.66,4.76,112,9.95,15.44,8.88,False,True,63.21
173,bov,TRPL4.SA,TRAN PAULISTPN      N1,23.8,2021-08-19,2021-12-22,125 days 00:00:00.000000000,12.14,2022-01-13,32 days 00:00:00.000000000,0.87,25.6,7.15,-18.45,0.37,93,11.27,2.71,12.12,True,False,40.38
174,bov,MTSA4.SA,METISA      PN,40.03,2021-08-17,2021-10-28,72 days 00:00:00.000000000,22.15,2021-09-21,143 days 00:00:00.000000000,7.3,198.61,32.97,-165.64,0.2,-71,14.85,5.11,-20.91,True,False,55.11
175,bov,EMBR3.SA,EMBRAER     ON      NM,18.8,2021-12-01,2022-01-03,33 days 00:00:00.000000000,29.65,2022-02-14,0 days 00:00:00.000000000,-1.26,0.0,-4.25,-4.25,-0.81,33,30.91,-inf,93.67,True,False,33.45
176,bov,ABCB4.SA,ABC BRASIL  PN      N2,16.51,2021-09-29,2021-12-10,72 days 00:00:00.000000000,19.95,2022-01-05,40 days 00:00:00.000000000,5.14,55.56,25.75,-29.8,0.84,32,14.81,12.84,46.29,False,True,65.71
177,bov,BRML3.SA,BR MALLS PARON      NM,9.48,2021-10-26,2022-01-31,97 days 00:00:00.000000000,30.69,2022-01-10,35 days 00:00:00.000000000,27.38,36.08,89.21,53.13,1.71,62,3.31,78.23,5.34,False,True,54.81
178,bov,SLCE3.SA,SLC AGRICOLAON      NM,48.27,2021-08-31,2022-02-10,163 days 00:00:00.000000000,28.12,2021-12-20,56 days 00:00:00.000000000,33.99,34.36,120.9,86.55,1.41,107,-5.88,60.7,-5.49,False,True,66.67
179,bov,NTCO3.SA,GRUPO NATURAON      NM,23.13,2021-05-12,2021-07-12,61 days 00:00:00.000000000,22.21,2022-01-18,27 days 00:00:00.000000000,10.12,44.26,45.55,1.29,157.96,34,12.09,37.47,35.57,False,True,49.47
180,bov,SEER3.SA,SER EDUCA   ON      NM,11.45,2021-03-18,2021-06-23,97 days 00:00:00.000000000,51.46,2022-01-05,40 days 00:00:00.000000000,16.14,41.24,31.37,-9.87,2.89,57,35.32,40.36,61.96,False,True,49.79
181,bov,FRAS3.SA,FRAS-LE     ON      N1,13.22,2021-05-27,2021-08-09,74 days 00:00:00.000000000,44.64,2022-01-27,18 days 00:00:00.000000000,7.47,24.32,16.73,-7.59,1.95,56,37.17,41.5,66.38,False,True,64.26
182,bov,PCAR3.SA,P.ACUCAR-CBDON      NM,21.62,2020-10-30,2021-06-04,217 days 00:00:00.000000000,210.12,2022-01-17,28 days 00:00:00.000000000,8.9,12.9,4.23,-8.67,0.44,189,201.23,31.77,106.47,False,True,53.27
183,bov,TEND3.SA,TENDA       ON      NM,13.5,2021-05-21,2021-06-18,28 days 00:00:00.000000000,5.98,2022-02-10,4 days 00:00:00.000000000,-2.78,14.29,-46.51,-60.8,-0.75,24,8.77,-69.57,36.52,True,False,19.65
184,bov,SMTO3.SA,SAO MARTINHOON      NM,38.21,2021-09-08,2021-11-08,61 days 00:00:00.000000000,27.93,2022-01-10,35 days 00:00:00.000000000,13.57,57.38,48.58,-8.79,4.96,26,14.36,38.76,55.23,False,True,65.05
185,bov,SBFG3.SA,GRUPO SBF   ON      NM,21.82,2021-03-09,2021-07-12,125 days 00:00:00.000000000,59.51,2022-01-05,40 days 00:00:00.000000000,8.17,32.0,13.74,-18.26,0.71,85,51.33,20.44,60.39,True,False,43.51
186,bov,BRFS3.SA,BRF SA      ON      NM,18.81,2021-09-20,2021-10-01,11 days 00:00:00.000000000,16.54,2022-02-08,6 days 00:00:00.000000000,2.43,54.55,14.71,-39.83,0.36,5,14.11,40.57,282.18,True,False,16.26
187,bov,EMAE4.SA,EMAE        PN,52.56,2021-12-03,2021-12-30,27 days 00:00:00.000000000,39.8,2022-02-08,6 days 00:00:00.000000000,10.35,22.22,26.0,3.78,9.36,21,29.45,172.46,140.23,False,True,57.26
188,bov,BIOM3.SA,BIOMM       ON      MA,14.0,2021-08-18,2021-10-04,47 days 00:00:00.000000000,27.62,2021-12-09,67 days 00:00:00.000000000,7.11,142.55,25.73,-116.82,0.22,-20,20.52,10.61,-102.58,True,False,50.0
189,bov,SULA11.SA,SUL AMERICA UNT     N2,25.45,2021-10-06,2021-11-10,35 days 00:00:00.000000000,19.1,2022-01-18,24 days 00:00:00.000000000,10.02,68.57,52.48,-16.09,3.07,11,9.07,41.76,82.49,False,True,70.75
190,bov,YDUQ3.SA,YDUQS PART  ON      NM,21.8,2021-10-29,2021-12-16,48 days 00:00:00.000000000,10.55,2022-01-10,35 days 00:00:00.000000000,15.67,72.92,148.56,75.65,1.99,13,-5.12,44.78,-39.41,False,True,58.73
191,bov,RENT3.SA,LOCALIZA    ON      NM,58.68,2021-10-29,2021-12-16,48 days 00:00:00.000000000,27.37,2022-01-10,35 days 00:00:00.000000000,17.84,72.92,65.19,-7.73,7.47,13,9.53,50.98,73.31,False,True,65.03
192,bov,AZUL4.SA,AZUL        PN      N2,27.06,2021-03-29,2021-06-08,71 days 00:00:00.000000000,28.34,2021-12-02,74 days 00:00:00.000000000,24.91,104.23,87.9,-16.32,5.07,-3,3.43,33.66,-114.27,True,False,50.67
193,bov,GOLL4.SA,GOL         PN      N2,18.09,2021-12-01,2021-12-22,21 days 00:00:00.000000000,17.19,2022-01-05,40 days 00:00:00.000000000,11.5,190.48,66.89,-123.59,0.54,-19,5.69,28.74,-29.96,False,True,59.2
194,bov,IGTI3.SA,IGUATEMI S.AON      N1,2.84,2021-03-01,2021-07-16,137 days 00:00:00.000000000,54.91,2022-01-05,40 days 00:00:00.000000000,15.4,29.2,28.04,-1.16,12.97,97,39.52,38.49,40.74,False,False,34.0
195,bov,ALSO3.SA,ALIANSCSONAEON      NM,22.2,2021-10-29,2022-01-31,94 days 00:00:00.000000000,18.42,2022-01-10,35 days 00:00:00.000000000,18.19,37.23,98.77,61.53,1.63,59,0.23,51.97,0.39,False,True,51.08
196,bov,BEEF3.SA,MINERVA     ON      NM,10.07,2021-12-01,2021-12-29,28 days 00:00:00.000000000,22.14,2022-02-03,11 days 00:00:00.000000000,10.77,39.29,48.64,9.36,5.82,17,11.37,97.89,66.87,False,True,56.57
197,bov,COGN3.SA,COGNA ON    ON      NM,2.37,2021-03-01,2021-06-21,112 days 00:00:00.000000000,28.92,2022-01-10,35 days 00:00:00.000000000,14.38,31.25,49.72,18.47,2.85,77,14.54,41.08,18.88,True,False,41.07
198,bov,PRIO3.SA,PETRORIO    ON      NM,26.3,2021-08-17,2021-10-14,58 days 00:00:00.000000000,54.98,2022-01-05,40 days 00:00:00.000000000,25.57,68.97,46.52,-22.45,1.98,18,29.4,63.93,163.35,False,False,68.79
199,bov,HYPE3.SA,HYPERA      ON      NM,32.1,2021-12-01,2022-02-14,75 days 00:00:00.000000000,18.53,2022-01-11,34 days 00:00:00.000000000,18.5,45.33,99.86,54.53,1.87,41,0.03,54.41,0.06,False,True,79.73
200,bov,SAPR4.SA,SANEPAR     PN      N2,3.92,2021-03-01,2021-03-19,18 days 00:00:00.000000000,12.19,2022-01-10,35 days 00:00:00.000000000,9.88,194.44,81.08,-113.37,0.71,-17,2.31,28.23,-13.57,False,True,58.33
201,bov,BRKM5.SA,BRASKEM     PNA     N1,52.77,2021-11-17,2021-12-07,20 days 00:00:00.000000000,33.96,2022-01-27,18 days 00:00:00.000000000,10.51,90.0,30.94,-59.06,0.52,2,23.45,58.37,1172.54,False,True,58.36
202,bov,MILS3.SA,MILLS       ON      NM,6.18,2021-10-29,2021-12-14,46 days 00:00:00.000000000,33.71,2022-01-18,27 days 00:00:00.000000000,10.16,58.7,30.14,-28.55,1.02,19,23.55,37.63,123.94,False,True,53.17
203,bov,OIBR3.SA,OI          ON      N1,0.9,2021-10-07,2021-10-19,12 days 00:00:00.000000000,16.51,2022-01-10,35 days 00:00:00.000000000,27.33,291.67,165.56,-126.11,1.3,-23,-10.82,78.1,47.06,True,False,50.88
204,bov,JHSF3.SA,JHSF PART   ON      NM,5.87,2021-12-01,2022-01-31,61 days 00:00:00.000000000,33.52,2022-01-17,28 days 00:00:00.000000000,19.96,45.9,59.54,13.64,4.71,33,13.56,71.28,41.1,False,True,51.61
205,bov,UCAS3.SA,UNICASA     ON      NM,3.77,2021-03-24,2021-06-14,82 days 00:00:00.000000000,33.14,2022-01-18,27 days 00:00:00.000000000,2.11,32.93,6.37,-26.55,0.23,55,31.03,7.82,56.41,False,True,56.96
206,bov,MULT3.SA,MULTIPLAN   ON      N2,22.1,2021-10-26,2022-02-14,111 days 00:00:00.000000000,25.07,2022-01-10,35 days 00:00:00.000000000,28.92,31.53,115.35,83.81,1.39,76,-3.85,82.62,-5.06,False,True,74.35
207,bov,EZTC3.SA,EZTEC       ON      NM,18.46,2021-05-24,2021-06-14,21 days 00:00:00.000000000,14.36,2022-02-14,0 days 00:00:00.000000000,0.44,0.0,3.03,3.03,1.49,21,13.93,inf,66.31,True,False,24.11
208,bov,LPSB3.SA,LOPES BRASILON      NM,3.43,2021-03-10,2021-05-11,62 days 00:00:00.000000000,47.09,2022-01-06,39 days 00:00:00.000000000,54.91,62.9,116.61,53.7,2.21,23,-7.82,140.8,-34.0,False,True,71.43
209,bov,MGLU3.SA,MAGAZ LUIZA ON      NM,6.48,2021-05-21,2021-07-16,56 days 00:00:00.000000000,25.59,2021-12-14,62 days 00:00:00.000000000,11.87,110.71,46.38,-64.33,0.71,-6,13.72,19.15,-228.72,True,False,46.47
210,bov,VIIA3.SA,VIA         ON      NM,4.04,2021-03-09,2021-06-28,111 days 00:00:00.000000000,35.71,2022-01-18,27 days 00:00:00.000000000,5.28,24.32,14.79,-9.53,1.4,84,30.43,19.56,36.22,True,False,42.51
211,bov,ANIM3.SA,ANIMA       ON      NM,7.91,2021-10-29,2021-12-10,42 days 00:00:00.000000000,32.07,2022-01-10,35 days 00:00:00.000000000,12.11,83.33,37.77,-45.56,0.81,7,19.96,34.61,285.12,True,False,53.39
212,bov,MOVI3.SA,MOVIDA      ON      NM,15.93,2021-10-29,2021-12-10,42 days 00:00:00.000000000,21.14,2022-01-10,35 days 00:00:00.000000000,16.14,83.33,76.36,-6.97,9.58,7,5.0,46.13,71.4,False,True,55.18
213,bov,ELET3.SA,ELETROBRAS  ON      N1,33.3,2021-09-08,2021-10-18,40 days 00:00:00.000000000,8.32,2022-01-10,35 days 00:00:00.000000000,9.77,87.5,117.43,29.93,4.06,5,-1.45,27.91,-28.99,True,False,44.41
214,bov,B3SA3.SA,B3          ON      NM,14.13,2021-06-10,2021-07-14,34 days 00:00:00.000000000,5.88,2022-01-03,42 days 00:00:00.000000000,25.47,123.53,433.19,309.66,1.4,-8,-19.59,60.64,244.85,False,True,60.98
215,bov,KLBN11.SA,KLABIN S/A  UNT     N2,,2021-10-19,2021-12-17,59 days 00:00:00.000000000,15.65,2022-02-11,4 days 00:00:00.000000000,-3.12,6.78,-19.95,-26.73,-0.72,55,18.77,-78.03,34.12,False,False,
216,bov,ROMI3.SA,INDS ROMI   ON      NM,15.17,2020-09-23,2021-04-19,208 days 00:00:00.000000000,164.23,2021-11-18,88 days 00:00:00.000000000,7.46,42.31,4.54,-37.77,0.12,120,156.77,8.47,130.64,True,False,44.0
217,bov,IRBR3.SA,IRBBRASIL REON      NM,3.19,2021-03-09,2021-05-13,65 days 00:00:00.000000000,11.32,2022-02-03,11 days 00:00:00.000000000,5.59,16.92,49.37,32.44,1.57,54,5.73,50.79,10.61,True,False,44.58
218,bov,PTBL3.SA,PORTOBELLO  ON      NM,8.44,2021-11-30,2021-12-16,16 days 00:00:00.000000000,23.14,2022-01-07,38 days 00:00:00.000000000,10.23,237.5,44.22,-193.28,0.23,-22,12.91,26.93,-58.68,False,True,48.75
219,bov,RNEW3.SA,RENOVA      ON      N2,2.32,2021-03-09,2021-06-09,92 days 00:00:00.000000000,58.65,2022-01-17,28 days 00:00:00.000000000,4.9,30.43,8.35,-22.08,0.36,64,53.75,17.5,83.99,True,False,45.53
220,bov,ENAT3.SA,ENAUTA PART ON      NM,16.28,2021-11-19,2022-02-11,84 days 00:00:00.000000000,26.05,2022-01-06,39 days 00:00:00.000000000,24.94,46.43,95.74,49.31,1.98,45,1.11,63.95,2.47,False,True,79.09
221,bov,AMER3.SA,AMERICANAS  ON      NM,33.61,2021-10-04,2021-10-20,16 days 00:00:00.000000000,23.12,2022-01-10,35 days 00:00:00.000000000,20.66,218.75,89.35,-129.4,0.69,-19,2.46,59.02,-12.96,False,True,42.6
222,bov,ITSA3.SA,ITAUSA      ON      N1,10.63,2021-03-01,2021-06-07,98 days 00:00:00.000000000,17.75,2022-01-03,42 days 00:00:00.000000000,14.99,42.86,84.47,41.61,2.08,56,2.76,35.7,4.92,False,True,74.03
223,bov,SQIA3.SA,SINQIA      ON      NM,17.19,2021-03-09,2021-07-22,135 days 00:00:00.000000000,45.94,2022-01-18,27 days 00:00:00.000000000,24.06,20.0,52.38,32.38,1.67,108,21.88,89.13,20.25,True,False,59.0
224,bov,MRFG3.SA,MARFRIG     ON      NM,22.41,2021-12-09,2022-01-25,47 days 00:00:00.000000000,16.47,2022-02-03,11 days 00:00:00.000000000,3.52,23.4,21.34,-2.06,6.98,36,12.95,31.96,35.98,False,True,41.53
225,bov,TCNO4.SA,TECNOSOLO   PN,1.2,2021-12-15,2022-01-06,22 days 00:00:00.000000000,132.7,2022-02-14,0 days 00:00:00.000000000,-2.44,0.0,-1.84,-1.84,-0.65,22,135.14,-inf,614.26,True,False,26.09
226,bov,BIDI3.SA,BANCO INTER ON      N2,9.57,2021-06-15,2021-07-21,36 days 00:00:00.000000000,27.76,2021-12-28,0 days 00:00:00.000000000,-1.14,0.0,-4.09,-4.09,-0.8,36,28.9,-inf,80.27,True,False,26.61
227,bov,BIDI4.SA,BANCO INTER PN      N2,9.49,2021-06-08,2021-07-21,43 days 00:00:00.000000000,28.65,2021-12-23,0 days 00:00:00.000000000,-0.42,0.0,-1.46,-1.46,-0.59,43,29.07,-inf,67.61,True,False,38.06
228,bov,BIDI11.SA,BANCO INTER UNT     N2,28.65,2021-06-15,2021-07-21,36 days 00:00:00.000000000,29.59,2021-12-21,2 days 00:00:00.000000000,-0.46,5.56,-1.56,-7.11,-0.19,34,30.05,-23.07,88.39,True,False,41.3
229,bov,EVEN3.SA,EVEN        ON      NM,6.52,2021-03-09,2021-06-18,101 days 00:00:00.000000000,18.46,2021-12-01,75 days 00:00:00.000000000,9.29,74.26,50.3,-23.95,2.02,26,9.17,12.38,35.28,True,False,43.96
230,bov,HBOR3.SA,HELBOR      ON      NM,3.88,2021-03-09,2021-06-07,90 days 00:00:00.000000000,27.49,2022-01-18,27 days 00:00:00.000000000,0.13,30.0,0.48,-29.52,0.02,63,27.36,0.49,43.43,True,False,40.32
231,bov,ENGI3.SA,ENERGISA    ON      N2,14.16,2021-09-28,2021-12-10,73 days 00:00:00.000000000,16.08,2022-01-14,31 days 00:00:00.000000000,8.3,42.47,51.63,9.16,6.32,42,7.78,26.79,18.52,False,True,56.52
232,bov,OMGE3.SA,OMEGA GER   ON      NM,27.43,2021-08-17,2021-09-21,35 days 00:00:00.000000000,8.63,2021-12-14,9 days 00:00:00.000000000,1.53,25.71,17.78,-7.94,1.99,26,7.1,17.05,27.3,False,True,44.32
233,bov,FHER3.SA,FER HERINGERON      NM,14.6,2021-08-17,2021-09-15,29 days 00:00:00.000000000,80.68,2022-02-11,3 days 00:00:00.000000000,-4.11,10.34,-5.1,-15.44,-0.31,26,84.8,-137.12,326.15,True,False,36.47
234,bov,ALUP11.SA,ALUPAR      UNT     N2,24.85,2021-03-03,2021-06-04,93 days 00:00:00.000000000,23.33,2022-01-10,32 days 00:00:00.000000000,5.38,34.41,23.05,-11.36,1.86,61,17.95,16.81,29.43,False,True,54.63
235,bov,AZEV4.SA,AZEVEDO     PN,3.07,2021-11-30,2021-12-23,23 days 00:00:00.000000000,43.07,2022-02-14,0 days 00:00:00.000000000,4.07,0.0,9.45,9.45,1.12,23,39.0,inf,169.56,True,False,24.49
236,bov,FESA4.SA,FERBASA     PN      N1,46.99,2021-11-26,2021-12-13,17 days 00:00:00.000000000,17.99,2022-01-26,19 days 00:00:00.000000000,5.14,111.76,28.59,-83.17,0.34,-2,12.85,27.07,-642.39,False,True,59.25
237,bov,BBRK3.SA,BR BROKERS  ON  ES  NM,1.06,2021-06-11,2021-06-23,12 days 00:00:00.000000000,96.94,2022-01-19,26 days 00:00:00.000000000,13.41,216.67,13.83,-202.84,0.07,-14,83.54,51.57,-596.68,False,True,57.63
238,bov,ENMT3.SA,ENERGISA MT ON,81.45,2021-12-28,2022-02-10,44 days 00:00:00.000000000,2.73,2022-02-02,9 days 00:00:00.000000000,3.4,20.45,124.44,103.99,1.21,35,-0.67,37.82,-1.91,False,True,55.25
239,bov,BMEB4.SA,MERC BRASIL PN      N1,10.9,2021-01-05,2022-02-02,393 days 00:00:00.000000000,57.29,2021-11-10,96 days 00:00:00.000000000,23.01,24.43,40.17,15.74,2.73,297,34.28,23.97,11.54,False,True,55.82
240,bov,VIVR3.SA,VIVER       ON      NM,1.11,2021-06-14,2021-06-23,9 days 00:00:00.000000000,179.42,2022-01-10,35 days 00:00:00.000000000,4.63,388.89,2.58,-386.31,0.01,-26,174.79,13.23,-672.28,True,False,47.73
241,bov,RCSL4.SA,RECRUSUL    PN,1.15,2021-12-06,2021-12-14,8 days 00:00:00.000000000,10.32,2022-01-10,35 days 00:00:00.000000000,2.02,437.5,19.59,-417.91,0.05,-27,8.3,5.77,-30.72,True,False,50.0
242,bov,TECN3.SA,TECHNOS     ON      NM,2.42,2021-07-30,2021-10-19,81 days 00:00:00.000000000,48.51,2022-01-10,35 days 00:00:00.000000000,23.12,43.21,47.67,4.46,13.79,46,25.39,66.07,55.19,False,True,56.8
243,bov,CRIV3.SA,ALFA FINANC ON,5.15,2021-12-01,2022-01-27,57 days 00:00:00.000000000,6.59,2021-12-27,49 days 00:00:00.000000000,4.55,85.96,68.98,-16.98,3.84,8,2.04,9.28,25.55,False,True,77.72
244,bov,HETA4.SA,HERCULES    PN,8.5,2021-09-03,2021-11-24,82 days 00:00:00.000000000,45.69,2022-01-05,40 days 00:00:00.000000000,10.73,48.78,23.49,-25.29,0.89,42,34.96,26.82,83.23,False,True,57.71
245,bov,RRRP3.SA,3R PETROLEUMON      NM,38.92,2021-09-20,2021-10-05,15 days 00:00:00.000000000,23.51,2021-11-26,80 days 00:00:00.000000000,29.63,533.33,126.01,-407.32,0.31,-65,-6.12,37.03,9.41,False,True,58.76
246,bov,AERI3.SA,AERIS       ON      NM,5.84,2021-08-16,2021-09-17,32 days 00:00:00.000000000,24.67,2022-02-14,0 days 00:00:00.000000000,-0.17,0.0,-0.69,-0.69,-0.41,32,24.84,-inf,77.64,True,False,43.02
247,bov,AESB3.SA,AES BRASIL  ON      NM,11.17,2021-08-11,2021-09-01,21 days 00:00:00.000000000,14.4,2022-01-10,35 days 00:00:00.000000000,8.58,166.67,59.63,-107.04,0.55,-14,5.81,24.53,-41.51,True,False,39.48
248,bov,AALR3.SA,ALLIAR      ON      NM,17.04,2021-11-18,2021-11-26,8 days 00:00:00.000000000,44.06,2022-01-10,35 days 00:00:00.000000000,31.78,437.5,72.13,-365.37,0.2,-27,12.28,90.8,-45.48,False,True,65.86
249,bov,AMBP3.SA,AMBIPAR     ON      NM,36.35,2021-10-29,2021-11-25,27 days 00:00:00.000000000,22.27,2022-01-18,27 days 00:00:00.000000000,4.54,100.0,20.38,-79.62,0.25,0,17.73,16.8,inf,True,False,49.49
250,bov,ARZZ3.SA,AREZZO CO   ON      NM,83.73,2021-01-14,2021-07-15,182 days 00:00:00.000000000,48.7,2022-01-10,35 days 00:00:00.000000000,22.61,19.23,46.42,27.19,1.77,147,26.09,64.59,17.75,False,True,66.45
251,bov,BPAN4.SA,BANCO PAN   PN      N1,10.01,2021-03-24,2021-06-23,91 days 00:00:00.000000000,88.8,2022-02-04,10 days 00:00:00.000000000,8.52,10.99,9.6,-1.39,4.01,81,80.28,85.21,99.11,False,True,50.7
252,bov,BRSR6.SA,BANRISUL    PNB     N1,10.42,2021-03-24,2021-06-02,70 days 00:00:00.000000000,22.54,2021-12-22,54 days 00:00:00.000000000,11.95,77.14,53.01,-24.14,2.11,16,10.59,22.13,66.21,True,False,41.11
253,bov,BKBR3.SA,BK BRASIL   ON      NM,6.06,2021-10-29,2021-11-11,13 days 00:00:00.000000000,21.63,2022-01-10,35 days 00:00:00.000000000,12.77,269.23,59.03,-210.2,0.28,-22,8.86,36.48,-40.28,True,False,52.73
254,bov,CEAB3.SA,CEA MODAS   ON      NM,5.66,2021-03-09,2021-06-21,104 days 00:00:00.000000000,43.63,2022-01-18,27 days 00:00:00.000000000,6.52,25.96,14.94,-11.02,1.24,77,37.11,24.14,48.19,True,False,44.77
255,bov,CESP6.SA,CESP        PNB     N1,22.7,2021-10-07,2021-11-03,27 days 00:00:00.000000000,11.48,2022-01-06,39 days 00:00:00.000000000,13.4,144.44,116.71,-27.73,4.06,-12,-1.92,34.36,15.99,True,False,59.13
256,bov,BMGB4.SA,BANCO BMG   PN      N1,2.98,2021-12-01,2022-01-20,50 days 00:00:00.000000000,25.74,2022-02-14,0 days 00:00:00.000000000,-0.67,0.0,-2.59,-2.59,-0.72,50,26.41,-inf,52.82,True,False,27.27
257,bov,CSMG3.SA,COPASA      ON      NM,13.37,2021-03-09,2021-05-24,76 days 00:00:00.000000000,28.75,2022-01-10,35 days 00:00:00.000000000,14.47,46.05,50.31,4.26,15.43,41,14.29,41.34,34.85,False,True,76.16
258,bov,PNVL3.SA,DIMED       ON      NM,12.37,2021-05-20,2021-06-29,40 days 00:00:00.000000000,14.18,2022-01-06,39 days 00:00:00.000000000,12.55,97.5,88.47,-9.03,8.82,1,1.64,32.17,163.57,True,False,46.12
259,bov,DIRR3.SA,DIRECIONAL  ON      NM,13.21,2021-10-29,2022-02-03,97 days 00:00:00.000000000,40.25,2022-01-10,35 days 00:00:00.000000000,22.61,36.08,56.19,20.1,2.94,62,17.63,64.61,28.44,False,True,63.04
260,bov,ECOR3.SA,ECORODOVIAS ON      NM,7.03,2021-03-09,2021-06-15,98 days 00:00:00.000000000,26.62,2022-01-05,40 days 00:00:00.000000000,0.96,40.82,3.61,-37.21,0.09,58,25.66,2.4,44.24,True,False,36.46
261,bov,ENBR3.SA,ENERGIAS BR ON      NM,20.23,2021-08-05,2022-01-19,167 days 00:00:00.000000000,28.0,2022-02-11,3 days 00:00:00.000000000,-0.05,1.8,-0.16,-1.96,-0.06,164,28.04,-1.52,17.1,True,False,24.15
262,bov,SOMA3.SA,GRUPO SOMA  ON      NM,12.9,2021-10-29,2021-11-19,21 days 00:00:00.000000000,14.14,2022-01-18,27 days 00:00:00.000000000,18.08,128.57,127.85,-0.72,74.16,-6,-3.94,66.97,65.64,True,False,55.48
263,bov,HBSA3.SA,HIDROVIAS   ON      NM,2.8,2021-12-01,2021-12-28,27 days 00:00:00.000000000,26.55,2022-01-19,26 days 00:00:00.000000000,2.69,96.3,10.14,-86.16,0.12,1,23.86,10.35,2385.59,True,False,42.55
264,bov,LWSA3.SA,LOCAWEB     ON      NM,9.69,2021-06-07,2021-07-22,45 days 00:00:00.000000000,14.96,2022-01-18,27 days 00:00:00.000000000,15.39,60.0,102.87,42.87,2.46,18,-0.43,57.0,-2.38,False,True,56.36
265,bov,VAMO3.SA,VAMOS       ON      NM,12.27,2021-12-01,2021-12-15,14 days 00:00:00.000000000,20.66,2022-01-18,27 days 00:00:00.000000000,19.53,192.86,94.55,-98.31,0.95,-13,1.13,72.34,-8.67,False,True,62.54
266,bov,RDOR3.SA,REDE D OR   ON      NM,47.68,2021-07-21,2021-08-24,34 days 00:00:00.000000000,13.89,2022-01-18,27 days 00:00:00.000000000,19.0,79.41,136.79,57.38,2.43,7,-5.11,70.36,-72.99,False,True,92.48
267,bov,NGRD3.SA,NEOGRID     ON      NM,2.8,2021-06-30,2021-07-06,6 days 00:00:00.000000000,22.02,2022-01-10,35 days 00:00:00.000000000,19.74,583.33,89.65,-493.68,0.18,-29,2.28,56.41,-7.86,True,False,50.0
268,bov,TUPY3.SA,TUPY        ON      NM,19.12,2021-09-20,2021-11-11,52 days 00:00:00.000000000,14.03,2022-02-14,0 days 00:00:00.000000000,-0.52,0.0,-3.71,-3.71,-0.79,52,14.55,-inf,27.99,False,False,34.97
269,bov,SBSP3.SA,SABESP      ON      NM,35.46,2021-08-18,2021-12-30,134 days 00:00:00.000000000,22.22,2022-01-10,35 days 00:00:00.000000000,0.23,26.12,1.02,-25.1,0.04,99,22.0,0.65,22.22,True,False,48.51
270,bov,CXSE3.SA,CAIXA SEGURION      NM,9.39,2021-10-07,2021-11-19,43 days 00:00:00.000000000,21.15,2022-01-05,40 days 00:00:00.000000000,16.47,93.02,77.88,-15.14,4.83,3,4.68,41.18,155.92,False,True,85.03
271,bov,SIMH3.SA,SIMPAR      ON      NM,10.98,2021-12-01,2021-12-17,16 days 00:00:00.000000000,18.04,2022-01-18,27 days 00:00:00.000000000,16.67,168.75,92.41,-76.34,1.19,-11,1.37,61.76,-12.44,False,True,62.4
272,bov,VIVA3.SA,VIVARA S.A. ON      NM,25.6,2021-08-17,2021-08-30,13 days 00:00:00.000000000,9.16,2022-01-10,35 days 00:00:00.000000000,15.78,269.23,172.25,-96.98,1.76,-22,-6.62,45.1,30.09,False,True,66.76
273,bov,WIZS3.SA,WIZ S.A.    ON      NM,7.73,2021-03-10,2021-07-07,119 days 00:00:00.000000000,125.24,2022-01-18,27 days 00:00:00.000000000,8.09,22.69,6.46,-16.23,0.38,92,117.15,29.98,127.33,True,False,51.79
274,bov,SULA3.SA,SUL AMERICA ON      N2,8.4,2021-10-06,2021-11-10,35 days 00:00:00.000000000,20.91,2022-01-24,21 days 00:00:00.000000000,3.85,60.0,18.42,-41.58,0.43,14,17.06,18.34,121.83,False,True,56.09
275,bov,SAPR11.SA,SANEPAR     UNT     N2,19.86,2021-03-01,2021-03-25,24 days 00:00:00.000000000,13.02,2022-01-10,32 days 00:00:00.000000000,12.8,133.33,98.3,-35.03,2.73,-8,0.22,40.01,-2.76,False,True,67.33
276,bov,SOJA3.SA,BOA SAFRA   ON      NM,14.14,2021-07-22,2021-12-30,161 days 00:00:00.000000000,20.96,2022-01-26,19 days 00:00:00.000000000,-0.56,11.8,-2.65,-14.45,-0.17,142,21.52,-2.92,15.15,False,True,48.15
277,bov,PSSA3.SA,PORTO SEGUROON      NM,21.44,2021-07-27,2021-08-20,24 days 00:00:00.000000000,15.72,2022-01-24,21 days 00:00:00.000000000,10.76,87.5,68.49,-19.01,3.42,3,4.95,51.25,165.09,False,True,76.12
278,bov,FRTA3.SA,POMIFRUTAS  ON      NM,4.87,2021-10-25,2021-12-20,56 days 00:00:00.000000000,7.28,2022-02-07,4 days 00:00:00.000000000,-0.17,7.14,-2.28,-9.42,-0.22,52,7.44,-4.15,14.31,True,False,43.84
279,bov,CPFE3.SA,CPFL ENERGIAON      NM,29.18,2021-10-22,2022-02-14,115 days 00:00:00.000000000,16.93,2022-01-06,39 days 00:00:00.000000000,14.19,33.91,83.8,49.88,1.71,76,2.74,36.38,3.61,False,True,63.56
280,bov,BBSE3.SA,BBSEGURIDADEON      NM,23.41,2021-09-08,2022-02-10,155 days 00:00:00.000000000,25.02,2022-01-12,33 days 00:00:00.000000000,23.59,21.29,94.27,72.98,1.31,122,1.43,71.48,1.18,False,True,78.8
281,bov,RCSL3.SA,RECRUSUL    ON,3.85,2021-10-21,2022-01-03,74 days 00:00:00.000000000,29.6,2022-02-11,3 days 00:00:00.000000000,-3.65,4.05,-12.32,-16.38,-0.71,71,33.25,-121.61,46.83,True,False,46.91
282,bov,EGIE3.SA,ENGIE BRASILON      NM,40.57,2021-08-05,2022-02-03,182 days 00:00:00.000000000,14.59,2022-01-06,39 days 00:00:00.000000000,7.7,21.43,52.74,31.31,1.74,143,6.9,19.74,4.82,False,True,62.88
283,bov,ODPV3.SA,ODONTOPREV  ON      NM,12.15,2021-03-10,2021-09-30,204 days 00:00:00.000000000,33.57,2022-01-10,35 days 00:00:00.000000000,1.72,17.16,5.11,-12.05,0.39,169,31.85,4.9,18.85,True,False,43.01
284,bov,UGPA3.SA,ULTRAPAR    ON      NM,14.59,2021-11-04,2021-12-13,39 days 00:00:00.000000000,15.5,2022-01-18,27 days 00:00:00.000000000,13.24,69.23,85.46,16.23,5.61,12,2.25,49.05,18.78,False,True,57.8
285,bov,RANI3.SA,IRANI       ON      NM,6.07,2021-10-04,2021-10-18,14 days 00:00:00.000000000,18.39,2022-02-11,3 days 00:00:00.000000000,-1.09,21.43,-5.91,-27.33,-0.21,11,19.47,-36.2,177.02,True,False,41.36
286,bov,DXCO3.SA,DEXCO       ON      NM,18.87,2021-08-18,2021-12-15,119 days 00:00:00.000000000,-2.47,2021-08-31,164 days 00:00:00.000000000,0.0,137.82,-0.0,-137.82,-0.0,-45,-2.47,0.0,5.49,False,False,
287,bov,PETZ3.SA,PETZ        ON      NM,17.59,2021-07-28,2021-08-25,28 days 00:00:00.000000000,23.82,2022-01-05,40 days 00:00:00.000000000,21.94,142.86,92.13,-50.73,1.78,-12,1.87,54.86,-15.62,False,True,56.61
288,bov,VBBR3.SA,VIBRA       ON      NM,23.07,2021-03-08,2021-07-05,119 days 00:00:00.000000000,39.93,2022-01-10,35 days 00:00:00.000000000,19.13,29.41,47.91,18.5,2.74,84,20.8,54.66,24.76,False,True,70.18
289,bov,CMIN3.SA,CSNMINERACAOON      N2,6.69,2021-03-25,2021-05-11,47 days 00:00:00.000000000,27.95,2022-02-14,0 days 00:00:00.000000000,1.36,0.0,4.88,4.88,1.26,47,26.59,inf,56.57,False,False,27.87
290,bov,STBP3.SA,SANTOS BRP  ON      NM,7.06,2021-10-29,2022-02-03,97 days 00:00:00.000000000,39.32,2022-01-10,35 days 00:00:00.000000000,24.67,36.08,62.74,26.66,2.45,62,14.65,70.47,23.63,False,True,66.67
291,bov,GOAU4.SA,GERDAU MET  PN      N1,11.51,2021-11-10,2021-12-16,36 days 00:00:00.000000000,18.69,2022-01-06,39 days 00:00:00.000000000,2.3,108.33,12.33,-96.0,0.13,-3,16.38,5.91,-546.07,True,False,51.25
292,bov,ESPA3.SA,ESPACOLASER ON      NM,5.05,2021-08-17,2021-09-06,20 days 00:00:00.000000000,16.06,2022-02-14,0 days 00:00:00.000000000,-1.56,0.0,-9.71,-9.71,-0.91,20,17.62,-inf,88.11,False,False,28.46
293,bov,UNIP6.SA,UNIPAR      PNB,99.27,2021-11-04,2021-12-30,56 days 00:00:00.000000000,42.45,2022-01-21,24 days 00:00:00.000000000,8.98,42.86,21.15,-21.71,0.93,32,33.47,37.4,104.6,False,True,62.41
294,bov,PARD3.SA,IHPARDINI   ON      NM,20.39,2021-11-23,2022-02-01,70 days 00:00:00.000000000,23.08,2022-01-05,40 days 00:00:00.000000000,10.61,57.14,45.97,-11.18,3.78,30,12.47,26.52,41.56,True,False,43.39
295,commodities,GC=F,Gold Apr 22,1868.0,2021-09-29,2021-11-17,49 days 00:00:00.000000000,7.56,2021-12-02,74 days 00:00:00.000000000,4.9,151.02,64.86,-86.16,0.74,-25,2.66,6.63,-10.62,False,True,54.68
296,commodities,MGC=F,"Micro Gold Futures,Apr-2022",1868.0,2021-09-29,2021-11-17,49 days 00:00:00.000000000,7.58,2021-12-02,74 days 00:00:00.000000000,4.9,151.02,64.68,-86.34,0.74,-25,2.68,6.63,-10.71,False,True,54.75
297,commodities,PL=F,Platinum Apr 22,1026.6,2021-09-20,2021-11-15,56 days 00:00:00.000000000,17.04,2021-12-15,61 days 00:00:00.000000000,12.84,108.93,75.37,-33.56,2.18,-5,4.2,21.05,-83.92,False,True,50.78
298,commodities,PA=F,Palladium Mar 22,2342.5,2021-09-29,2022-01-28,121 days 00:00:00.000000000,28.27,2021-12-15,61 days 00:00:00.000000000,39.02,50.41,138.04,87.63,1.59,60,-10.75,63.96,-17.92,False,True,62.91
299,commodities,CL=F,Crude Oil Mar 22,95.46,2021-08-23,2022-02-14,175 days 00:00:00.000000000,45.74,2021-12-01,75 days 00:00:00.000000000,37.64,42.86,82.29,39.43,2.14,100,8.1,50.19,8.1,False,False,78.6
300,commodities,HO=F,Heating Oil Mar 22,2.96,2021-08-23,2022-02-14,175 days 00:00:00.000000000,46.47,2021-11-30,76 days 00:00:00.000000000,32.73,43.43,70.43,27.0,2.71,99,13.74,43.06,13.88,False,False,75.93
301,commodities,NG=F,Natural Gas Mar 22,4.2,2021-04-06,2021-10-05,182 days 00:00:00.000000000,96.89,2021-12-30,46 days 00:00:00.000000000,22.97,25.27,23.71,-1.57,9.23,136,73.92,49.93,54.35,True,False,51.05
302,commodities,RB=F,RBOB Gasoline Mar 22,2.78,2021-09-09,2022-02-14,158 days 00:00:00.000000000,29.01,2021-12-01,75 days 00:00:00.000000000,34.62,47.47,119.33,71.86,1.68,83,-5.61,46.16,-6.76,False,True,86.02
303,commodities,BZ=F,Brent Crude Oil Last Day Financ,96.48,2021-08-23,2022-02-14,175 days 00:00:00.000000000,41.75,2021-12-01,75 days 00:00:00.000000000,32.07,42.86,76.82,33.96,2.33,100,9.68,42.76,9.68,False,False,72.48
304,commodities,ZC=F,"Corn Futures,May-2022",655.75,2020-08-07,2021-05-07,273 days 00:00:00.000000000,93.44,2021-09-13,154 days 00:00:00.000000000,27.5,56.41,29.43,-26.98,1.05,119,65.95,17.86,55.42,False,True,66.07
305,commodities,ZO=F,"Oat Futures,May-2022",745.5,2021-05-28,2022-02-09,257 days 00:00:00.000000000,77.05,2022-01-14,31 days 00:00:00.000000000,18.54,12.06,24.07,12.0,2.19,226,58.51,59.82,25.89,False,True,80.79
306,commodities,KE=F,"KC HRW Wheat Futures,Mar-2022",828.5,2021-09-10,2021-11-23,74 days 00:00:00.000000000,26.87,2022-01-14,31 days 00:00:00.000000000,9.11,41.89,33.92,-7.97,3.78,43,17.76,29.4,41.29,False,True,48.34
307,commodities,ZR=F,"Rough Rice Futures,May-2022",1505.0,2021-11-08,2022-02-07,91 days 00:00:00.000000000,15.34,2021-12-15,61 days 00:00:00.000000000,9.51,67.03,61.99,-5.05,10.25,30,5.83,15.59,19.44,False,True,51.78
308,commodities,ZM=F,"Soybean Meal Futures,May-2022",448.4,2021-04-13,2022-02-09,302 days 00:00:00.000000000,18.31,2021-10-12,125 days 00:00:00.000000000,37.44,41.39,204.48,163.09,1.26,177,-19.13,29.95,-10.81,False,True,81.19
309,commodities,ZL=F,"Soybean Oil Futures,May-2022",65.81,2021-09-20,2022-02-02,135 days 00:00:00.000000000,17.36,2021-12-14,62 days 00:00:00.000000000,21.77,45.93,125.42,79.49,1.6,73,-4.41,35.12,-6.05,False,True,67.44
310,commodities,ZS=F,"Soybean Futures,May-2022",1570.0,2020-08-10,2021-05-12,275 days 00:00:00.000000000,66.25,2021-11-08,98 days 00:00:00.000000000,28.09,35.64,42.39,6.76,7.36,177,38.16,28.66,21.56,False,True,81.63
311,commodities,GF=F,"Feeder Cattle Futures,Mar-2022",166.88,2021-10-01,2022-02-09,131 days 00:00:00.000000000,9.28,2022-01-28,17 days 00:00:00.000000000,4.96,12.98,53.4,40.43,1.35,114,4.32,29.15,3.79,False,True,74.99
312,commodities,HE=F,"Lean Hogs Futures,Apr-2022",91.62,2021-09-14,2021-10-01,17 days 00:00:00.000000000,13.58,2021-12-08,68 days 00:00:00.000000000,25.21,400.0,185.67,-214.33,0.86,-51,-11.63,37.08,22.81,False,True,69.83
313,commodities,LE=F,"Live Cattle Futures,Apr-2022",142.43,2020-10-28,2022-02-09,469 days 00:00:00.000000000,32.5,2021-06-01,258 days 00:00:00.000000000,21.45,55.01,65.99,10.98,6.61,211,11.05,8.31,5.24,False,True,82.18
314,commodities,CC=F,Cocoa May 22,2677.0,2021-07-19,2022-02-10,206 days 00:00:00.000000000,20.4,2021-11-30,76 days 00:00:00.000000000,15.13,36.89,74.16,37.27,2.04,130,5.27,19.91,4.06,False,True,64.4
315,commodities,KC=F,Coffee May 22,247.55,2021-09-22,2022-02-09,140 days 00:00:00.000000000,36.54,2022-01-03,42 days 00:00:00.000000000,9.56,30.0,26.16,-3.84,5.4,98,26.98,22.76,27.53,False,True,59.45
316,commodities,LBS=F,Lumber May 22,1246.0,2021-11-16,2022-01-18,63 days 00:00:00.000000000,91.81,2022-02-01,13 days 00:00:00.000000000,24.82,20.63,27.03,6.39,5.01,50,67.0,190.89,134.0,False,True,67.24
317,etf,ECOO11.SA,ISHARES ECOOCI,99.81,2021-03-08,2021-06-07,91 days 00:00:00.000000000,11.1,2022-01-10,35 days 00:00:00.000000000,9.72,38.46,87.59,49.13,1.82,56,1.38,27.78,2.46,False,True,57.93
318,etf,IVVB11.SA,ISHARE SP500CI,249.87,2021-06-24,2021-12-29,188 days 00:00:00.000000000,27.38,2022-02-14,0 days 00:00:00.000000000,-1.24,0.0,-4.52,-4.52,-0.82,188,28.62,-inf,15.22,True,False,36.87
319,etf,MATB11.SA,IT NOW IMAT CI,63.07,2021-06-17,2021-07-13,26 days 00:00:00.000000000,7.02,2021-11-05,101 days 00:00:00.000000000,22.21,388.46,316.14,-72.33,4.31,-75,-15.18,21.99,20.24,False,True,66.58
320,etf,XINA11.SA,TREND CHINA CI,7.89,2021-07-27,2021-10-21,86 days 00:00:00.000000000,11.85,2022-02-14,0 days 00:00:00.000000000,-1.38,0.0,-11.61,-11.61,-0.92,86,13.22,-inf,15.38,True,False,36.13
321,etf,GOLD11.SA,TREND OURO  CI,10.4,2021-08-10,2021-11-19,101 days 00:00:00.000000000,13.84,2022-02-07,7 days 00:00:00.000000000,1.28,6.93,9.26,2.33,6.97,94,12.56,18.31,13.36,True,False,35.85
322,etf,SPXI11.SA,IT NOW SPXI CI,243.5,2021-06-24,2021-12-29,188 days 00:00:00.000000000,26.53,2022-02-14,0 days 00:00:00.000000000,-1.14,0.0,-4.28,-4.28,-0.81,188,27.67,-inf,14.72,True,False,38.23
323,etf,BCHI39.SA,MSCI CHINA  DRN,40.09,2021-07-27,2021-10-21,86 days 00:00:00.000000000,12.99,2022-01-28,17 days 00:00:00.000000000,-1.18,19.77,-9.07,-28.84,-0.3,69,14.16,-6.93,20.53,True,False,36.18
324,etf,BIAU39.SA,GOLD TRUST  DRN,46.43,2021-12-10,2022-01-05,26 days 00:00:00.000000000,4.61,2022-02-07,7 days 00:00:00.000000000,1.44,26.92,31.33,4.4,9.21,19,3.16,20.61,16.64,True,False,35.33
325,futures,GC=F,Gold Apr 22,1868.0,2021-09-29,2021-11-17,49 days 00:00:00.000000000,7.56,2021-12-02,74 days 00:00:00.000000000,4.9,151.02,64.86,-86.16,0.74,-25,2.66,6.63,-10.62,False,True,54.68
326,futures,MGC=F,"Micro Gold Futures,Apr-2022",1868.0,2021-09-29,2021-11-17,49 days 00:00:00.000000000,7.58,2021-12-02,74 days 00:00:00.000000000,4.9,151.02,64.68,-86.34,0.74,-25,2.68,6.63,-10.71,False,True,54.75
327,futures,PL=F,Platinum Apr 22,1026.6,2021-09-20,2021-11-15,56 days 00:00:00.000000000,17.04,2021-12-15,61 days 00:00:00.000000000,12.84,108.93,75.37,-33.56,2.18,-5,4.2,21.05,-83.92,False,True,50.78
328,futures,ZC=F,"Corn Futures,May-2022",655.75,2020-08-07,2021-05-07,273 days 00:00:00.000000000,93.44,2021-09-13,154 days 00:00:00.000000000,27.5,56.41,29.43,-26.98,1.05,119,65.95,17.86,55.42,False,True,66.07
329,futures,ZO=F,"Oat Futures,May-2022",745.5,2021-05-28,2022-02-09,257 days 00:00:00.000000000,77.05,2022-01-14,31 days 00:00:00.000000000,18.54,12.06,24.07,12.0,2.19,226,58.51,59.82,25.89,False,True,80.79
330,futures,KE=F,"KC HRW Wheat Futures,Mar-2022",828.5,2021-09-10,2021-11-23,74 days 00:00:00.000000000,26.87,2022-01-14,31 days 00:00:00.000000000,9.11,41.89,33.92,-7.97,3.78,43,17.76,29.4,41.29,False,True,48.34
331,futures,ZR=F,"Rough Rice Futures,May-2022",1505.0,2021-11-08,2022-02-07,91 days 00:00:00.000000000,15.34,2021-12-15,61 days 00:00:00.000000000,9.51,67.03,61.99,-5.05,10.25,30,5.83,15.59,19.44,False,True,51.78
332,futures,ZM=F,"Soybean Meal Futures,May-2022",448.4,2021-04-13,2022-02-09,302 days 00:00:00.000000000,18.31,2021-10-12,125 days 00:00:00.000000000,37.44,41.39,204.48,163.09,1.26,177,-19.13,29.95,-10.81,False,True,81.19
333,futures,ZL=F,"Soybean Oil Futures,May-2022",65.81,2021-09-20,2022-02-02,135 days 00:00:00.000000000,17.36,2021-12-14,62 days 00:00:00.000000000,21.77,45.93,125.42,79.49,1.6,73,-4.41,35.12,-6.05,False,True,67.44
334,futures,ZS=F,"Soybean Futures,May-2022",1570.0,2020-08-10,2021-05-12,275 days 00:00:00.000000000,66.25,2021-11-08,98 days 00:00:00.000000000,28.09,35.64,42.39,6.76,7.36,177,38.16,28.66,21.56,False,True,81.63
335,futures,HE=F,"Lean Hogs Futures,Apr-2022",91.62,2021-09-14,2021-10-01,17 days 00:00:00.000000000,13.58,2021-12-08,68 days 00:00:00.000000000,25.21,400.0,185.67,-214.33,0.86,-51,-11.63,37.08,22.81,False,True,69.83
336,futures,LE=F,"Live Cattle Futures,Apr-2022",142.43,2020-10-28,2022-02-09,469 days 00:00:00.000000000,32.5,2021-06-01,258 days 00:00:00.000000000,21.45,55.01,65.99,10.98,6.61,211,11.05,8.31,5.24,False,True,82.18
337,futures,CC=F,Cocoa May 22,2677.0,2021-07-19,2022-02-10,206 days 00:00:00.000000000,20.4,2021-11-30,76 days 00:00:00.000000000,15.13,36.89,74.16,37.27,2.04,130,5.27,19.91,4.06,False,True,64.4
338,futures,KC=F,Coffee May 22,247.55,2021-09-22,2022-02-09,140 days 00:00:00.000000000,36.54,2022-01-03,42 days 00:00:00.000000000,9.56,30.0,26.16,-3.84,5.4,98,26.98,22.76,27.53,False,True,59.45
339,futures,LBS=F,Lumber May 22,1246.0,2021-11-16,2022-01-18,63 days 00:00:00.000000000,91.81,2022-02-01,13 days 00:00:00.000000000,24.82,20.63,27.03,6.39,5.01,50,67.0,190.89,134.0,False,True,67.24
340,futures,DX-Y.NYB,US Dollar/USDX - Index - Cash,96.37,2021-01-05,2022-01-28,388 days 00:00:00.000000000,8.05,2021-05-25,265 days 00:00:00.000000000,7.13,68.3,88.52,20.22,4.61,123,0.92,2.69,0.75,False,True,54.51
341,futures,CL=F,Crude Oil Mar 22,95.46,2021-08-23,2022-02-14,175 days 00:00:00.000000000,45.74,2021-12-01,75 days 00:00:00.000000000,37.64,42.86,82.29,39.43,2.14,100,8.1,50.19,8.1,False,False,78.6
342,futures,BZ=F,Brent Crude Oil Last Day Financ,96.48,2021-08-23,2022-02-14,175 days 00:00:00.000000000,41.75,2021-12-01,75 days 00:00:00.000000000,32.07,42.86,76.82,33.96,2.33,100,9.68,42.76,9.68,False,False,72.48
343,futures,GF=F,"Feeder Cattle Futures,Mar-2022",166.88,2021-10-01,2022-02-09,131 days 00:00:00.000000000,9.28,2022-01-28,17 days 00:00:00.000000000,4.96,12.98,53.4,40.43,1.35,114,4.32,29.15,3.79,False,True,74.99
344,futures,HG=F,Copper Mar 22,4.51,2021-08-19,2021-10-20,62 days 00:00:00.000000000,15.17,2021-12-15,61 days 00:00:00.000000000,6.36,98.39,41.96,-56.43,0.73,1,8.8,10.43,880.24,False,True,53.71
345,futures,HO=F,Heating Oil Mar 22,2.96,2021-08-23,2022-02-14,175 days 00:00:00.000000000,46.47,2021-11-30,76 days 00:00:00.000000000,32.73,43.43,70.43,27.0,2.71,99,13.74,43.06,13.88,False,False,75.93
346,futures,NG=F,Natural Gas Mar 22,4.2,2021-04-06,2021-10-05,182 days 00:00:00.000000000,96.89,2021-12-30,46 days 00:00:00.000000000,22.97,25.27,23.71,-1.57,9.23,136,73.92,49.93,54.35,True,False,51.05
347,futures,NQ=F,Nasdaq 100 Mar 22,14253.0,2021-10-04,2021-11-19,46 days 00:00:00.000000000,11.72,2022-01-27,18 days 00:00:00.000000000,0.98,39.13,8.39,-30.74,0.26,28,10.73,5.46,38.34,True,False,51.58
348,futures,PA=F,Palladium Mar 22,2342.5,2021-09-29,2022-01-28,121 days 00:00:00.000000000,28.27,2021-12-15,61 days 00:00:00.000000000,39.02,50.41,138.04,87.63,1.59,60,-10.75,63.96,-17.92,False,True,62.91
349,futures,RB=F,RBOB Gasoline Mar 22,2.78,2021-09-09,2022-02-14,158 days 00:00:00.000000000,29.01,2021-12-01,75 days 00:00:00.000000000,34.62,47.47,119.33,71.86,1.68,83,-5.61,46.16,-6.76,False,True,86.02
350,futures,RTY=F,E-mini Russell 2000 Index Futur,2019.4,2021-08-19,2021-11-08,81 days 00:00:00.000000000,12.89,2022-01-27,18 days 00:00:00.000000000,2.51,22.22,19.46,-2.76,5.17,63,10.38,13.94,16.48,False,True,52.25
351,futures,SB=F,Sugar #11 May 22,18.12,2021-09-27,2021-11-17,51 days 00:00:00.000000000,7.12,2022-02-08,6 days 00:00:00.000000000,0.42,11.76,5.89,-5.87,0.86,45,6.7,6.99,14.89,True,False,37.69
352,futures,SI=F,Silver Mar 22,23.84,2021-09-29,2021-11-12,44 days 00:00:00.000000000,12.67,2021-12-15,61 days 00:00:00.000000000,9.23,138.64,72.88,-65.76,1.09,-17,3.44,15.14,-20.21,False,True,49.38
353,futures,SIL=F,"Micro Silver Futures,Mar-2022",23.84,2021-09-29,2021-11-12,44 days 00:00:00.000000000,12.67,2021-12-15,61 days 00:00:00.000000000,9.23,138.64,72.88,-65.76,1.09,-17,3.44,15.14,-20.21,False,True,49.38
354,futures,YM=F,Mini Dow Jones Indus.-$5 Mar 22,34471.0,2021-09-30,2022-01-04,96 days 00:00:00.000000000,7.05,2022-01-27,18 days 00:00:00.000000000,1.28,18.75,18.17,-0.58,11.48,78,5.77,7.12,7.4,True,False,53.6
355,futures,ZB=F,"U.S. Treasury Bond Futures,Mar-",151.75,2021-10-11,2021-12-03,53 days 00:00:00.000000000,5.0,2022-02-10,4 days 00:00:00.000000000,-0.99,7.55,-19.87,-27.42,-0.7,49,6.0,-24.86,12.24,True,False,34.36
356,futures,ZF=F,Five-Year US Treasury Note Futu,117.55,2021-07-13,2021-08-03,21 days 00:00:00.000000000,0.67,2022-02-10,4 days 00:00:00.000000000,-0.59,19.05,-88.85,-107.89,-0.82,17,1.26,-14.84,7.42,True,False,23.5
357,futures,CT=F,Cotton May 22,122.93,2021-09-21,2022-02-03,135 days 00:00:00.000000000,36.79,2021-12-20,56 days 00:00:00.000000000,14.01,41.48,38.09,-3.39,8.68,79,22.78,25.03,28.83,True,False,55.45
358,futures,ES=F,E-Mini S&P 500 Mar 22,4394.0,2021-10-04,2022-01-03,91 days 00:00:00.000000000,9.94,2022-01-27,18 days 00:00:00.000000000,1.34,19.78,13.44,-6.34,1.83,73,8.61,7.42,11.79,True,False,53.1
359,futures,ZN=F,"10-Year T-Note Futures,Mar-2022",125.98,2021-03-31,2021-08-02,124 days 00:00:00.000000000,2.89,2022-02-10,4 days 00:00:00.000000000,-0.6,3.23,-20.82,-24.04,-0.83,120,3.49,-15.04,2.91,True,False,30.03
360,futures,ZT=F,"2-Year T-Note Futures,Mar-2022",107.53,2021-08-24,2021-09-03,10 days 00:00:00.000000000,0.07,2022-02-14,0 days 00:00:00.000000000,-0.15,0.0,-204.81,-204.81,-1.0,10,0.22,-inf,2.16,False,False,14.76
361,futures,BTC=F,"Bitcoin Futures,Feb-2022",42205.0,2021-09-29,2021-11-09,41 days 00:00:00.000000000,51.3,2022-02-03,11 days 00:00:00.000000000,12.93,26.83,25.21,-1.62,9.62,30,38.37,117.57,127.9,False,True,64.63
